id,full_name,first_name,last_name,email,phone,city,country,android,iphone,desktop,transfers_in,transfers_out,transactions
1,Jamie Bright,Jamie,Bright,Jamie.Bright@example.com,533-849-3913,Montreal,Canada,1,0,0,[423],"[264, 329, 446, 342]",[]
2,Arabella Knox,Arabella,Knox,Arabella.Knox@example.com,652-272-9539,Los Angeles,USA,1,1,0,[],[515],[108]
3,Yusra Fletcher,Yusra,Fletcher,Yusra.Fletcher@example.com,385-702-8874,Toronto,Canada,1,1,1,[],[],[]
4,Esme Nielsen,Esme,Nielsen,Esme.Nielsen@example.com,621-797-5367,Los Angeles,USA,1,1,0,[],[],[]
5,Beatrix Everett,Beatrix,Everett,Beatrix.Everett@example.com,194-640-2758,Paris,France,1,0,0,[437],[],[]
6,Dean Lewis,Dean,Lewis,Dean.Lewis@example.com,243-955-3782,San Diego,USA,1,1,1,[],[],[]
7,Inaaya Velasquez,Inaaya,Velasquez,Inaaya.Velasquez@example.com,489-241-7631,Los Angeles,USA,1,1,1,[],[],[143]
8,Tasnim Cobb,Tasnim,Cobb,Tasnim.Cobb@example.com,262-380-8877,San Diego,USA,0,0,1,[],[],[]
9,Asa Vazquez,Asa,Vazquez,Asa.Vazquez@example.com,504-421-4485,Toronto,Canada,1,0,0,[369],[],[]
10,Keith Donovan,Keith,Donovan,Keith.Donovan@example.com,549-515-6738,Chicago,USA,0,1,1,[],[331],[79]
11,Moshe Colon,Moshe,Colon,Moshe.Colon@example.com,131-622-5442,New York,USA,0,1,1,[],[65],[]
12,Hussain Santos,Hussain,Santos,Hussain.Santos@example.com,379-352-6285,San Diego,USA,0,1,1,[274],[],[]
13,Lillian Hanna,Lillian,Hanna,Lillian.Hanna@example.com,488-762-8236,Los Angeles,USA,0,1,0,[],[],[]
14,Harvey Guerrero,Harvey,Guerrero,Harvey.Guerrero@example.com,597-677-6862,Chicago,USA,0,1,0,[],[],[]
15,Leroy Barrera,Leroy,Barrera,Leroy.Barrera@example.com,659-190-9378,New York,USA,1,1,1,[],[],"[2, 138]"
16,Zack Griffin,Zack,Griffin,Zack.Griffin@example.com,467-370-7724,San Diego,USA,0,0,1,[],[],[]
17,Adele Garza,Adele,Garza,Adele.Garza@example.com,429-916-1662,New York,USA,1,1,1,[],[],[74]
18,Sandra Cherry,Sandra,Cherry,Sandra.Cherry@example.com,218-605-4170,San Francisco,USA,0,0,1,[],[],[]
19,Carmen Burton,Carmen,Burton,Carmen.Burton@example.com,527-368-7429,Toronto,Canada,1,0,1,[],[],[]
20,Donald Stone,Donald,Stone,Donald.Stone@example.com,730-260-4630,London,United Kingdom,1,0,1,[484],[],[]
21,Clifford Mcgee,Clifford,Mcgee,Clifford.Mcgee@example.com,715-116-6302,San Francisco,USA,1,1,0,[],[],[]
22,Gerald Maldonado,Gerald,Maldonado,Gerald.Maldonado@example.com,660-116-3336,San Francisco,USA,1,0,0,[],[81],[]
23,Danielle Glenn,Danielle,Glenn,Danielle.Glenn@example.com,727-709-3351,San Francisco,USA,1,1,1,[],[],[47]
24,Isabelle Lopez,Isabelle,Lopez,Isabelle.Lopez@example.com,981-878-3234,Paris,France,1,1,0,[],[],[]
25,Alina Mccoy,Alina,Mccoy,Alina.Mccoy@example.com,495-292-8149,San Francisco,USA,0,1,1,[],[],[]
26,Julius Garrett,Julius,Garrett,Julius.Garrett@example.com,866-664-7969,Barcelona,Spain,1,1,1,[],[],[]
27,Frazer Anthony,Frazer,Anthony,Frazer.Anthony@example.com,139-396-1336,New York,USA,0,1,1,[],[],[62]
28,Cassie Molina,Cassie,Molina,Cassie.Molina@example.com,811-806-5304,San Francisco,USA,1,0,1,[],"[98, 45]",[64]
29,Dafydd Preston,Dafydd,Preston,Dafydd.Preston@example.com,368-987-3267,Barcelona,Spain,1,1,1,[],[],[]
30,Stephanie Rice,Stephanie,Rice,Stephanie.Rice@example.com,830-901-9870,Montreal,Canada,1,0,0,[],[],[]
31,Bradley Butler,Bradley,Butler,Bradley.Butler@example.com,937-172-2269,Montreal,Canada,0,1,0,[399],[],[]
32,Alejandro Brandt,Alejandro,Brandt,Alejandro.Brandt@example.com,334-279-1420,New York,USA,1,1,1,[],[],[]
33,Louise Daniel,Louise,Daniel,Louise.Daniel@example.com,917-348-4728,Barcelona,Spain,1,1,0,[],[],[]
34,Livia Howe,Livia,Howe,Livia.Howe@example.com,868-828-4315,Toronto,Canada,0,1,0,[],[],[]
35,Linda Combs,Linda,Combs,Linda.Combs@example.com,742-395-8995,Los Angeles,USA,1,1,1,[],[],"[38, 91]"
36,Dominik Odling,Dominik,Odling,Dominik.Odling@example.com,365-145-3897,Los Angeles,USA,1,0,1,[],[320],[]
37,Lili Schroeder,Lili,Schroeder,Lili.Schroeder@example.com,640-348-2128,Toronto,Canada,1,1,0,"[301, 158]",[],[]
38,Jeremiah Martin,Jeremiah,Martin,Jeremiah.Martin@example.com,277-350-5557,London,United Kingdom,1,0,0,[448],[],[]
39,Keyaan Holland,Keyaan,Holland,Keyaan.Holland@example.com,845-797-2979,Barcelona,Spain,1,1,0,[],[],[]
40,Clara Bird,Clara,Bird,Clara.Bird@example.com,958-605-3200,San Francisco,USA,1,0,0,[],[247],[]
41,Cody Riley,Cody,Riley,Cody.Riley@example.com,872-906-9681,London,United Kingdom,1,1,1,[480],[],[]
42,Tomas Griffith,Tomas,Griffith,Tomas.Griffith@example.com,492-337-4468,London,United Kingdom,0,1,0,[],[480],[]
43,Elena Pineda,Elena,Pineda,Elena.Pineda@example.com,617-226-9486,Los Angeles,USA,1,1,1,[],[379],[83]
44,Diana Davenport,Diana,Davenport,Diana.Davenport@example.com,505-179-8348,Los Angeles,USA,0,1,1,[],[],[]
45,Cordelia Houston,Cordelia,Houston,Cordelia.Houston@example.com,946-560-7738,San Francisco,USA,1,1,0,[],[],[]
46,Abubakar House,Abubakar,House,Abubakar.House@example.com,713-179-2294,San Diego,USA,0,0,1,[],[],[]
47,Celia Terry,Celia,Terry,Celia.Terry@example.com,986-149-3342,New York,USA,0,1,1,[],[128],[]
48,Esther Mccall,Esther,Mccall,Esther.Mccall@example.com,573-696-6671,Los Angeles,USA,1,0,1,[],"[72, 136]",[87]
49,Idris Proctor,Idris,Proctor,Idris.Proctor@example.com,584-182-6496,San Diego,USA,1,0,1,[],[70],[]
50,Bruno Noble,Bruno,Noble,Bruno.Noble@example.com,639-790-8394,San Diego,USA,0,1,0,[],[],[]
51,Herman Munoz,Herman,Munoz,Herman.Munoz@example.com,689-881-9382,Los Angeles,USA,1,0,1,[],[156],[]
52,Amaan Rangel,Amaan,Rangel,Amaan.Rangel@example.com,837-435-2302,Montreal,Canada,1,1,0,[264],[],[]
53,Prince Thompson,Prince,Thompson,Prince.Thompson@example.com,115-215-7565,Chicago,USA,0,0,1,[],[],[]
54,Bethany Santana,Bethany,Santana,Bethany.Santana@example.com,924-146-4189,New York,USA,0,1,0,"[371, 500]",[495],[17]
55,Ernest Martinez,Ernest,Martinez,Ernest.Martinez@example.com,448-597-4211,San Diego,USA,1,0,1,"[416, 285]",[],[]
56,Susannah O'Doherty,Susannah,O'Doherty,Susannah.O'Doherty@example.com,981-489-3689,Chicago,USA,1,1,1,[],[],[]
57,Billie Price,Billie,Price,Billie.Price@example.com,917-866-8131,London,United Kingdom,0,0,1,[],[],[]
58,Orlando Pitts,Orlando,Pitts,Orlando.Pitts@example.com,427-711-9658,Los Angeles,USA,0,1,0,[],"[380, 494]",[]
59,Phoebe Weiss,Phoebe,Weiss,Phoebe.Weiss@example.com,299-560-9666,London,United Kingdom,1,0,1,[],"[492, 487]",[]
60,Juanita Baldwin,Juanita,Baldwin,Juanita.Baldwin@example.com,989-786-8538,San Diego,USA,1,1,1,[],[],[]
61,Honor Jacobson,Honor,Jacobson,Honor.Jacobson@example.com,624-535-4606,San Francisco,USA,1,0,1,[240],[146],[]
62,Ty Mcintyre,Ty,Mcintyre,Ty.Mcintyre@example.com,743-856-9854,San Francisco,USA,1,1,0,[],[322],[]
63,Johnathan Berger,Johnathan,Berger,Johnathan.Berger@example.com,545-458-1679,San Diego,USA,0,1,1,[],[133],[132]
64,Jason Snyder,Jason,Snyder,Jason.Snyder@example.com,202-632-2346,San Francisco,USA,1,0,0,"[24, 257]",[205],[90]
65,Aled Silva,Aled,Silva,Aled.Silva@example.com,612-360-5367,Toronto,Canada,0,1,0,[],"[417, 451]",[]
66,Aisha Webb,Aisha,Webb,Aisha.Webb@example.com,447-728-9592,San Francisco,USA,1,0,1,[243],"[425, 258, 53]",[]
67,Dewi Keith,Dewi,Keith,Dewi.Keith@example.com,816-321-4054,Chicago,USA,1,1,0,[],[],[]
68,Saif Green,Saif,Green,Saif.Green@example.com,978-659-7286,Paris,France,0,1,0,[],[475],[]
69,Saoirse Keller,Saoirse,Keller,Saoirse.Keller@example.com,699-966-4749,San Francisco,USA,1,1,1,[196],[],[133]
70,Valerie Oneal,Valerie,Oneal,Valerie.Oneal@example.com,651-335-6190,Toronto,Canada,1,1,1,[],[],[]
71,Ilyas Dunlap,Ilyas,Dunlap,Ilyas.Dunlap@example.com,491-981-1293,London,United Kingdom,0,1,0,[],[501],[]
72,Kingsley Moyer,Kingsley,Moyer,Kingsley.Moyer@example.com,927-708-1141,San Francisco,USA,1,0,1,[],"[290, 269]",[]
73,Kara Stewart,Kara,Stewart,Kara.Stewart@example.com,794-314-2500,Paris,France,1,1,0,[],[447],[]
74,Myrtle Doyle,Myrtle,Doyle,Myrtle.Doyle@example.com,525-796-7991,Toronto,Canada,1,1,1,[],"[298, 462]",[]
75,Marjorie Shields,Marjorie,Shields,Marjorie.Shields@example.com,346-207-2724,San Diego,USA,0,1,1,[],[104],[]
76,Taha Casey,Taha,Casey,Taha.Casey@example.com,581-100-2001,Los Angeles,USA,1,0,1,[46],[],[]
77,Cleo Greer,Cleo,Greer,Cleo.Greer@example.com,138-806-4136,Los Angeles,USA,1,1,0,[],[],[]
78,Angela Mcmillan,Angela,Mcmillan,Angela.Mcmillan@example.com,868-463-1850,London,United Kingdom,1,0,0,[459],[523],[]
79,Vivian Peterson,Vivian,Peterson,Vivian.Peterson@example.com,598-995-3909,San Francisco,USA,1,0,0,[],[],[]
80,Cheryl Owens,Cheryl,Owens,Cheryl.Owens@example.com,812-775-9881,San Francisco,USA,1,1,0,[123],[],[]
81,Ahmad Castro,Ahmad,Castro,Ahmad.Castro@example.com,629-807-5687,San Francisco,USA,1,0,0,[],[],[117]
82,Casper Freeman,Casper,Freeman,Casper.Freeman@example.com,932-653-8020,San Diego,USA,1,0,0,[],"[292, 190]",[]
83,Zachery Brennan,Zachery,Brennan,Zachery.Brennan@example.com,323-591-3874,San Francisco,USA,1,0,0,[],[37],[]
84,Safia Ayers,Safia,Ayers,Safia.Ayers@example.com,512-649-7865,San Francisco,USA,0,1,0,[11],[336],[]
85,Clarence Hanson,Clarence,Hanson,Clarence.Hanson@example.com,743-908-5464,Chicago,USA,1,1,0,[],"[410, 279]","[78, 86]"
86,Douglas Browning,Douglas,Browning,Douglas.Browning@example.com,247-523-1403,New York,USA,1,0,0,[],[],"[45, 124]"
87,Rahim Cuevas,Rahim,Cuevas,Rahim.Cuevas@example.com,300-879-5941,Los Angeles,USA,0,1,0,[],[],[]
88,Humza Velez,Humza,Velez,Humza.Velez@example.com,931-502-4660,New York,USA,0,1,1,[495],[],[]
89,Everett Fitzpatrick,Everett,Fitzpatrick,Everett.Fitzpatrick@example.com,520-305-7264,New York,USA,0,1,0,[],[353],[11]
90,Anas Blevins,Anas,Blevins,Anas.Blevins@example.com,138-515-3364,San Diego,USA,1,1,1,[],[],[]
91,Amir Clark,Amir,Clark,Amir.Clark@example.com,924-287-4068,London,United Kingdom,1,1,1,[],[],[]
92,Mohamed Barr,Mohamed,Barr,Mohamed.Barr@example.com,604-185-7149,San Francisco,USA,1,0,0,[],[],[]
93,Elif Khan,Elif,Khan,Elif.Khan@example.com,686-123-8571,New York,USA,1,0,1,[],[237],[]
94,Mia Horne,Mia,Horne,Mia.Horne@example.com,667-185-1569,Los Angeles,USA,1,1,1,[],[46],[]
95,Miles Fisher,Miles,Fisher,Miles.Fisher@example.com,702-511-6770,San Diego,USA,1,1,1,[312],[],[]
96,Nadia Neal,Nadia,Neal,Nadia.Neal@example.com,255-874-4270,New York,USA,1,1,1,"[504, 473]",[],[]
97,Alastair Buckley,Alastair,Buckley,Alastair.Buckley@example.com,776-243-3725,San Diego,USA,1,0,0,[],[],[28]
98,Traci Banks,Traci,Banks,Traci.Banks@example.com,313-374-6903,San Francisco,USA,1,1,0,"[296, 10]",[],[]
99,Colby Hart,Colby,Hart,Colby.Hart@example.com,900-712-6799,San Francisco,USA,1,0,1,[],[],[]
100,Usman Swanson,Usman,Swanson,Usman.Swanson@example.com,431-103-9132,London,United Kingdom,1,1,1,[],[478],[]
101,Michelle Love,Michelle,Love,Michelle.Love@example.com,672-651-8173,New York,USA,1,1,0,[],[],[]
102,Alina Walls,Alina,Walls,Alina.Walls@example.com,507-883-4629,Chicago,USA,1,0,0,"[106, 143]",[],[96]
103,Caspar Hudson,Caspar,Hudson,Caspar.Hudson@example.com,830-584-4874,Toronto,Canada,0,1,0,[],[357],[]
104,Chelsea Wyatt,Chelsea,Wyatt,Chelsea.Wyatt@example.com,750-801-9657,San Diego,USA,0,1,1,[19],[],[]
105,Franklin Conway,Franklin,Conway,Franklin.Conway@example.com,768-545-4465,San Diego,USA,1,0,1,"[387, 30]",[360],[]
106,Ruth Andrews,Ruth,Andrews,Ruth.Andrews@example.com,159-468-6067,Chicago,USA,0,1,1,[],[],[]
107,Polly Reyes,Polly,Reyes,Polly.Reyes@example.com,296-740-3450,San Diego,USA,0,1,0,[],[],[]
108,Mohsin Tucker,Mohsin,Tucker,Mohsin.Tucker@example.com,174-389-8757,Toronto,Canada,0,0,1,"[170, 396, 477]","[305, 363, 420]",[]
109,Huw Valentine,Huw,Valentine,Huw.Valentine@example.com,441-847-1955,Chicago,USA,0,1,1,"[250, 325]",[],"[16, 95]"
110,Pearl Perez,Pearl,Perez,Pearl.Perez@example.com,947-926-6369,San Francisco,USA,0,1,0,[203],"[58, 147]",[]
111,Harriett Mccoy,Harriett,Mccoy,Harriett.Mccoy@example.com,956-438-3865,San Francisco,USA,1,1,1,[],"[347, 19]",[]
112,Aiden Galvan,Aiden,Galvan,Aiden.Galvan@example.com,559-282-1575,San Diego,USA,0,0,1,[],[208],[]
113,Kaan Miranda,Kaan,Miranda,Kaan.Miranda@example.com,940-569-5175,San Francisco,USA,1,0,0,[304],[],[]
114,Laurie Melendez,Laurie,Melendez,Laurie.Melendez@example.com,488-382-1416,Toronto,Canada,0,1,1,[],[],[]
115,Tanya Watson,Tanya,Watson,Tanya.Watson@example.com,432-515-4933,Montreal,Canada,1,1,0,[],[],[]
116,Gerard Vargas,Gerard,Vargas,Gerard.Vargas@example.com,663-149-3581,San Diego,USA,1,1,1,[],"[240, 324]",[93]
117,Priya Moore,Priya,Moore,Priya.Moore@example.com,455-692-4736,Paris,France,0,0,1,[],[],[]
118,Sean Bolton,Sean,Bolton,Sean.Bolton@example.com,222-241-5406,Los Angeles,USA,1,1,0,"[360, 181]",[251],[]
119,Arron Peck,Arron,Peck,Arron.Peck@example.com,226-392-7970,Paris,France,1,1,0,[421],[],[]
120,Justin Rowland,Justin,Rowland,Justin.Rowland@example.com,665-725-2354,Paris,France,1,1,0,[],[],[]
121,Jasper Brandt,Jasper,Brandt,Jasper.Brandt@example.com,527-756-7352,London,United Kingdom,0,0,1,[],[],[]
122,Teresa Mccarty,Teresa,Mccarty,Teresa.Mccarty@example.com,223-114-4003,Toronto,Canada,0,1,1,[],[],[]
123,Finnian Fisher,Finnian,Fisher,Finnian.Fisher@example.com,382-879-9946,Toronto,Canada,1,1,0,[228],[],[]
124,Carol York,Carol,York,Carol.York@example.com,402-586-5192,San Diego,USA,1,0,0,[],[318],[66]
125,Nora Ball,Nora,Ball,Nora.Ball@example.com,921-528-9551,Barcelona,Spain,0,0,1,[],[],[]
126,Bessie Cole,Bessie,Cole,Bessie.Cole@example.com,424-390-3432,San Diego,USA,0,1,0,[],[],[50]
127,Zoya Giles,Zoya,Giles,Zoya.Giles@example.com,301-750-7631,Toronto,Canada,1,1,0,[],[217],[]
128,Malik Cuevas,Malik,Cuevas,Malik.Cuevas@example.com,935-337-2537,San Diego,USA,1,0,0,[],[],[]
129,Alejandro Duncan,Alejandro,Duncan,Alejandro.Duncan@example.com,487-150-9471,London,United Kingdom,0,0,1,[478],[],[]
130,Zohaib Hartman,Zohaib,Hartman,Zohaib.Hartman@example.com,928-400-6426,Montreal,Canada,0,0,1,"[476, 420, 461]",[242],[]
131,Alivia Armstrong,Alivia,Armstrong,Alivia.Armstrong@example.com,398-367-7522,Chicago,USA,0,1,0,[],[],[]
132,Tina Powell,Tina,Powell,Tina.Powell@example.com,372-218-6551,New York,USA,1,0,1,[87],[],[15]
133,Zack Mcclain,Zack,Mcclain,Zack.Mcclain@example.com,586-280-9496,New York,USA,0,1,0,[],[],[]
134,Lydia Chan,Lydia,Chan,Lydia.Chan@example.com,649-585-3076,San Francisco,USA,0,1,1,[],[],[]
135,Bertie Ward,Bertie,Ward,Bertie.Ward@example.com,971-922-8663,Montreal,Canada,1,0,1,"[332, 341]",[],[]
136,Hafsah Booker,Hafsah,Booker,Hafsah.Booker@example.com,731-730-2543,New York,USA,0,1,1,[],[],[34]
137,India Simmons,India,Simmons,India.Simmons@example.com,605-920-3435,San Diego,USA,1,1,0,[190],"[155, 511]",[]
138,Adnan Allen,Adnan,Allen,Adnan.Allen@example.com,561-365-7378,Chicago,USA,1,0,1,[],[314],[]
139,Kamran Wilcox,Kamran,Wilcox,Kamran.Wilcox@example.com,476-365-7838,London,United Kingdom,1,0,1,[],[],[]
140,Gary Hutchinson,Gary,Hutchinson,Gary.Hutchinson@example.com,245-506-5389,San Francisco,USA,1,0,0,[156],[],[102]
141,Adriana Stafford,Adriana,Stafford,Adriana.Stafford@example.com,473-741-6496,Montreal,Canada,0,1,0,[],[431],[]
142,Everly Fuentes,Everly,Fuentes,Everly.Fuentes@example.com,398-369-8927,Barcelona,Spain,1,0,0,[],[513],[]
143,Ian Ho,Ian,Ho,Ian.Ho@example.com,586-175-1970,San Francisco,USA,1,0,0,[],[],[]
144,Emelia Page,Emelia,Page,Emelia.Page@example.com,929-575-4315,San Francisco,USA,0,1,1,[],"[8, 114]",[]
145,Elijah Castaneda,Elijah,Castaneda,Elijah.Castaneda@example.com,354-709-5741,Chicago,USA,0,0,1,[],[],[]
146,Edith Walker,Edith,Walker,Edith.Walker@example.com,805-146-4773,Los Angeles,USA,0,1,0,[],[234],"[41, 105]"
147,Eleanor Mcintosh,Eleanor,Mcintosh,Eleanor.Mcintosh@example.com,153-538-3431,Toronto,Canada,1,0,0,[354],"[195, 165]",[]
148,Maksymilian Crosby,Maksymilian,Crosby,Maksymilian.Crosby@example.com,298-837-9139,New York,USA,1,0,0,[],[],[]
149,Abdirahman Mullen,Abdirahman,Mullen,Abdirahman.Mullen@example.com,669-442-8257,Toronto,Canada,1,1,1,[245],[],[]
150,Mariah Castro,Mariah,Castro,Mariah.Castro@example.com,866-155-1011,New York,USA,1,1,0,[],[],[107]
151,Laiba Ingram,Laiba,Ingram,Laiba.Ingram@example.com,780-200-2871,San Diego,USA,0,1,1,[],[],[]
152,Matteo Moon,Matteo,Moon,Matteo.Moon@example.com,830-546-5378,London,United Kingdom,1,1,0,[],[],[]
153,Blaine Boyer,Blaine,Boyer,Blaine.Boyer@example.com,411-997-1636,London,United Kingdom,0,0,1,[],[],[]
154,Thomas English,Thomas,English,Thomas.English@example.com,891-190-2889,New York,USA,0,0,1,[],[199],[]
155,Lochlan Fitzgerald,Lochlan,Fitzgerald,Lochlan.Fitzgerald@example.com,762-973-4444,San Francisco,USA,0,0,1,[],[],[]
156,Alia Brooks,Alia,Brooks,Alia.Brooks@example.com,327-292-8469,Montreal,Canada,1,0,1,[],[335],[]
157,Aimee Duffy,Aimee,Duffy,Aimee.Duffy@example.com,856-144-7655,San Diego,USA,1,1,0,[200],[],[]
158,Ethan Price,Ethan,Price,Ethan.Price@example.com,558-134-7531,Los Angeles,USA,1,1,1,[],[],[65]
159,Will Santana,Will,Santana,Will.Santana@example.com,460-231-8743,Los Angeles,USA,1,0,1,[],[],[]
160,Alessia Watts,Alessia,Watts,Alessia.Watts@example.com,619-580-5165,New York,USA,1,0,0,[71],[],[]
161,Eliza Gordon,Eliza,Gordon,Eliza.Gordon@example.com,805-946-7433,Los Angeles,USA,1,0,0,[505],[],[]
162,Martina Boyle,Martina,Boyle,Martina.Boyle@example.com,145-824-4775,Los Angeles,USA,0,0,1,"[246, 526]",[],[]
163,Talha Austin,Talha,Austin,Talha.Austin@example.com,279-345-3532,New York,USA,0,1,1,"[128, 373]",[197],[]
164,Herman Knowles,Herman,Knowles,Herman.Knowles@example.com,130-936-8674,Los Angeles,USA,0,1,1,[],[],[]
165,Amira Berg,Amira,Berg,Amira.Berg@example.com,627-954-8991,Chicago,USA,1,1,0,[362],[],[146]
166,Darcie Lane,Darcie,Lane,Darcie.Lane@example.com,899-901-3539,Los Angeles,USA,1,0,0,[],[],[]
167,Kurtis Marks,Kurtis,Marks,Kurtis.Marks@example.com,690-396-3965,Montreal,Canada,0,0,1,[],[],[]
168,Josie Pham,Josie,Pham,Josie.Pham@example.com,202-569-8234,San Diego,USA,1,1,1,[],[],[]
169,Katy Harrington,Katy,Harrington,Katy.Harrington@example.com,645-829-7495,San Francisco,USA,0,1,0,[208],[],"[9, 57]"
170,Macie Payne,Macie,Payne,Macie.Payne@example.com,782-737-6408,New York,USA,1,0,0,[],[],[]
171,Patrick Morse,Patrick,Morse,Patrick.Morse@example.com,220-102-3684,New York,USA,1,1,0,"[65, 458]",[],[40]
172,Nathaniel Gonzalez,Nathaniel,Gonzalez,Nathaniel.Gonzalez@example.com,421-145-6627,Chicago,USA,0,0,1,[],[250],[]
173,Enya Hernandez,Enya,Hernandez,Enya.Hernandez@example.com,406-397-1498,Barcelona,Spain,0,1,0,"[424, 510]",[448],[]
174,Kiera Cotton,Kiera,Cotton,Kiera.Cotton@example.com,254-627-7406,Los Angeles,USA,1,0,0,[],[],[76]
175,Tia Potter,Tia,Potter,Tia.Potter@example.com,137-491-6519,New York,USA,1,1,0,[],[],[92]
176,Melvin Flores,Melvin,Flores,Melvin.Flores@example.com,708-692-8746,London,United Kingdom,0,1,1,[],[],[]
177,Hassan Kemp,Hassan,Kemp,Hassan.Kemp@example.com,131-471-2639,San Diego,USA,0,0,1,[8],[76],[]
178,Jenson Carver,Jenson,Carver,Jenson.Carver@example.com,128-789-4202,Chicago,USA,0,1,1,[],[],[]
179,Aminah Wells,Aminah,Wells,Aminah.Wells@example.com,950-639-9777,Chicago,USA,1,1,1,[],[434],[46]
180,Dhruv Villarreal,Dhruv,Villarreal,Dhruv.Villarreal@example.com,931-559-3083,London,United Kingdom,1,0,1,[],[],[]
181,Rhodri Kelley,Rhodri,Kelley,Rhodri.Kelley@example.com,106-651-2649,Los Angeles,USA,0,1,0,[],[],[]
182,Luqman Carrillo,Luqman,Carrillo,Luqman.Carrillo@example.com,124-533-2523,New York,USA,1,0,0,[],[],[72]
183,Ishaan Stevenson,Ishaan,Stevenson,Ishaan.Stevenson@example.com,631-367-5233,San Francisco,USA,0,0,1,[],[],[]
184,David Bridges,David,Bridges,David.Bridges@example.com,946-447-2454,New York,USA,0,1,0,"[306, 498, 117]",[423],[75]
185,Milton Carlson,Milton,Carlson,Milton.Carlson@example.com,344-559-6014,Los Angeles,USA,0,0,1,[],"[232, 373]",[]
186,Gareth Sutherland,Gareth,Sutherland,Gareth.Sutherland@example.com,471-744-7605,San Diego,USA,1,0,0,[],[],[]
187,Andre Long,Andre,Long,Andre.Long@example.com,883-691-2967,San Francisco,USA,0,1,1,"[113, 20]",[],[]
188,Ridwan Houston,Ridwan,Houston,Ridwan.Houston@example.com,530-308-5425,London,United Kingdom,0,0,1,[],[],[]
189,Darcey Whitney,Darcey,Whitney,Darcey.Whitney@example.com,483-860-2350,San Francisco,USA,1,1,1,[],[223],[]
190,Charlotte Baxter,Charlotte,Baxter,Charlotte.Baxter@example.com,757-193-7348,San Francisco,USA,1,0,1,[349],[],[]
191,Damon Bullock,Damon,Bullock,Damon.Bullock@example.com,130-864-9453,Chicago,USA,1,0,1,[410],"[489, 102]",[]
192,Leonie Sanders,Leonie,Sanders,Leonie.Sanders@example.com,248-366-9279,Chicago,USA,1,1,0,[391],[450],[]
193,Susie Gibbons,Susie,Gibbons,Susie.Gibbons@example.com,194-777-4804,Los Angeles,USA,1,1,1,[163],"[265, 302]",[]
194,Fynn Graham,Fynn,Graham,Fynn.Graham@example.com,763-842-3292,Toronto,Canada,1,1,0,[],[],[]
195,Jorge Maldonado,Jorge,Maldonado,Jorge.Maldonado@example.com,220-296-3772,San Diego,USA,1,0,1,[],[408],[149]
196,Alanna Stephens,Alanna,Stephens,Alanna.Stephens@example.com,710-282-8586,Chicago,USA,0,1,0,[],[149],[]
197,Tiago Dunn,Tiago,Dunn,Tiago.Dunn@example.com,728-796-4352,San Diego,USA,1,1,0,[],[436],[120]
198,Zakir Russell,Zakir,Russell,Zakir.Russell@example.com,599-588-9264,Toronto,Canada,0,1,1,[],[267],[]
199,Asa Haines,Asa,Haines,Asa.Haines@example.com,327-464-5734,London,United Kingdom,1,1,0,[],[],[]
200,Eesa Buchanan,Eesa,Buchanan,Eesa.Buchanan@example.com,533-397-5445,London,United Kingdom,1,1,0,[],[],[]
201,Conor Rush,Conor,Rush,Conor.Rush@example.com,663-671-4088,New York,USA,0,1,0,[],[],[]
202,Kabir Stewart,Kabir,Stewart,Kabir.Stewart@example.com,891-887-3513,San Francisco,USA,1,0,1,[],[167],"[12, 36]"
203,Lili Patel,Lili,Patel,Lili.Patel@example.com,823-509-3052,Montreal,Canada,1,0,1,[],[],[]
204,Philippa Webster,Philippa,Webster,Philippa.Webster@example.com,407-892-7705,Toronto,Canada,1,0,0,[201],[],[]
205,Zoe Newman,Zoe,Newman,Zoe.Newman@example.com,620-765-4496,San Francisco,USA,0,1,1,[],[398],[]
206,Azaan Roth,Azaan,Roth,Azaan.Roth@example.com,130-119-2032,Los Angeles,USA,1,1,0,[79],[75],[]
207,Mark Friedman,Mark,Friedman,Mark.Friedman@example.com,111-862-3502,San Diego,USA,1,0,1,[],[],[70]
208,Jessie Greer,Jessie,Greer,Jessie.Greer@example.com,950-317-1709,London,United Kingdom,1,1,1,[],[],[]
209,Eliot Stokes,Eliot,Stokes,Eliot.Stokes@example.com,864-975-1957,Los Angeles,USA,0,1,0,[],[372],[]
210,Alessia Jenkins,Alessia,Jenkins,Alessia.Jenkins@example.com,547-388-2503,Chicago,USA,0,1,0,[],[],[142]
211,Gerard Francis,Gerard,Francis,Gerard.Francis@example.com,958-724-3846,Chicago,USA,1,1,1,[331],[509],[77]
212,Angela Lynch,Angela,Lynch,Angela.Lynch@example.com,227-737-8739,San Francisco,USA,1,1,0,[70],[],[54]
213,Kyran Wyatt,Kyran,Wyatt,Kyran.Wyatt@example.com,778-841-9881,Montreal,Canada,1,1,0,[],[358],[]
214,Eugene Taylor,Eugene,Taylor,Eugene.Taylor@example.com,712-926-3402,Toronto,Canada,0,1,0,[427],[418],[]
215,Katerina Turner,Katerina,Turner,Katerina.Turner@example.com,753-511-5460,San Francisco,USA,0,1,1,[],[430],[]
216,Nataniel Nunez,Nataniel,Nunez,Nataniel.Nunez@example.com,202-158-5194,New York,USA,0,0,1,[365],[],[]
217,Phoebe Rodriguez,Phoebe,Rodriguez,Phoebe.Rodriguez@example.com,516-779-4464,New York,USA,1,0,1,[],[],[59]
218,Tony Shepard,Tony,Shepard,Tony.Shepard@example.com,416-772-8288,Barcelona,Spain,0,1,0,[],[],[]
219,Sinead Horne,Sinead,Horne,Sinead.Horne@example.com,340-355-9098,Toronto,Canada,1,0,1,[],[],[]
220,Sahar Kim,Sahar,Kim,Sahar.Kim@example.com,718-676-2743,San Francisco,USA,1,1,0,"[57, 441]",[],[]
221,Emmie Schmidt,Emmie,Schmidt,Emmie.Schmidt@example.com,130-236-9253,San Francisco,USA,1,0,0,[],[145],[]
222,Sonia Lowe,Sonia,Lowe,Sonia.Lowe@example.com,418-550-4001,Paris,France,1,0,0,[],[],[]
223,Rupert Mejia,Rupert,Mejia,Rupert.Mejia@example.com,194-235-2353,San Francisco,USA,1,0,1,[],[194],[69]
224,Lily-Rose Kaufman,Lily-Rose,Kaufman,Lily-Rose.Kaufman@example.com,271-963-2123,Chicago,USA,1,0,0,[323],"[254, 271]",[31]
225,Neil Haynes,Neil,Haynes,Neil.Haynes@example.com,421-219-5363,San Diego,USA,1,1,1,[],[],[]
226,Morgan Hardy,Morgan,Hardy,Morgan.Hardy@example.com,974-761-7628,London,United Kingdom,0,1,1,[],[],[]
227,Ibraheem Mcgee,Ibraheem,Mcgee,Ibraheem.Mcgee@example.com,667-192-9013,San Diego,USA,0,1,0,[],[],[]
228,Ned Rowland,Ned,Rowland,Ned.Rowland@example.com,400-103-9062,Paris,France,0,1,0,[],[],[]
229,Kate Cline,Kate,Cline,Kate.Cline@example.com,927-741-2027,Toronto,Canada,1,0,1,[],[],[]
230,Hana Barr,Hana,Barr,Hana.Barr@example.com,541-180-4090,San Francisco,USA,1,0,1,[154],[],[]
231,Darcy Wall,Darcy,Wall,Darcy.Wall@example.com,109-398-3560,Montreal,Canada,0,0,1,[],[295],[]
232,Aisha Winters,Aisha,Winters,Aisha.Winters@example.com,280-831-1664,Toronto,Canada,0,0,1,[],[],[]
233,Zayd Yoder,Zayd,Yoder,Zayd.Yoder@example.com,259-388-7717,New York,USA,1,0,1,[],[],[]
234,Esmee Harmon,Esmee,Harmon,Esmee.Harmon@example.com,271-604-3446,New York,USA,1,0,1,"[328, 107, 454]",[],[121]
235,Tamara Riddle,Tamara,Riddle,Tamara.Riddle@example.com,481-405-7265,Los Angeles,USA,1,1,1,[],[],[111]
236,Gloria Mason,Gloria,Mason,Gloria.Mason@example.com,495-379-8123,Los Angeles,USA,0,1,0,"[380, 47]",[],[]
237,Carter Coleman,Carter,Coleman,Carter.Coleman@example.com,530-826-1153,San Francisco,USA,0,1,1,[],"[186, 359]",[]
238,Ashleigh Trevino,Ashleigh,Trevino,Ashleigh.Trevino@example.com,621-710-6972,San Francisco,USA,1,0,0,"[89, 155]",[],[]
239,Edward Ayala,Edward,Ayala,Edward.Ayala@example.com,416-337-3343,Montreal,Canada,1,0,1,[],[],[]
240,Amira Lane,Amira,Lane,Amira.Lane@example.com,321-569-4426,San Francisco,USA,0,0,1,[],[],[]
241,Chris Zimmerman,Chris,Zimmerman,Chris.Zimmerman@example.com,371-875-4229,San Diego,USA,0,0,1,"[460, 206]",[],[]
242,Hazel Joseph,Hazel,Joseph,Hazel.Joseph@example.com,272-647-4049,New York,USA,0,0,1,"[419, 237, 199]","[152, 121]",[]
243,Brogan Fitzgerald,Brogan,Fitzgerald,Brogan.Fitzgerald@example.com,955-732-8107,Montreal,Canada,1,1,0,[],[476],[]
244,Taylor Ramos,Taylor,Ramos,Taylor.Ramos@example.com,833-282-1248,Toronto,Canada,1,0,1,[],[394],[]
245,Elsie Cuevas,Elsie,Cuevas,Elsie.Cuevas@example.com,186-536-6820,Montreal,Canada,0,1,0,[431],[],[]
246,Zara Washington,Zara,Washington,Zara.Washington@example.com,679-367-1926,London,United Kingdom,0,1,1,[],[],[]
247,Douglas Lozano,Douglas,Lozano,Douglas.Lozano@example.com,916-136-3366,New York,USA,0,1,0,[109],[],[]
248,Bethan Franco,Bethan,Franco,Bethan.Franco@example.com,317-895-5803,Toronto,Canada,1,0,0,"[209, 411]",[332],[]
249,Clementine Whitaker,Clementine,Whitaker,Clementine.Whitaker@example.com,193-348-3198,Los Angeles,USA,0,0,1,[284],[229],[]
250,Sarah Mooney,Sarah,Mooney,Sarah.Mooney@example.com,507-446-1333,Chicago,USA,1,1,1,[],[391],[]
251,Grayson Rasmussen,Grayson,Rasmussen,Grayson.Rasmussen@example.com,312-891-9587,New York,USA,1,0,0,[],"[120, 87]","[123, 144]"
252,Jemima Leonard,Jemima,Leonard,Jemima.Leonard@example.com,149-310-5366,Chicago,USA,0,0,1,[],[],[]
253,Oskar Mccarty,Oskar,Mccarty,Oskar.Mccarty@example.com,582-269-7396,London,United Kingdom,0,1,1,[],[],[]
254,Bonnie Woods,Bonnie,Woods,Bonnie.Woods@example.com,104-443-5734,San Francisco,USA,1,1,1,[67],[],[]
255,Miriam Pacheco,Miriam,Pacheco,Miriam.Pacheco@example.com,401-464-5796,San Diego,USA,1,0,1,[],"[386, 119]",[]
256,Zahraa Villanueva,Zahraa,Villanueva,Zahraa.Villanueva@example.com,130-183-4153,San Francisco,USA,0,0,1,[],[],[]
257,Alia Hess,Alia,Hess,Alia.Hess@example.com,735-371-7432,San Diego,USA,0,0,1,[],[],[]
258,Felicity Tran,Felicity,Tran,Felicity.Tran@example.com,530-539-9474,San Diego,USA,1,1,0,"[58, 183]",[38],"[84, 130]"
259,Lily Chan,Lily,Chan,Lily.Chan@example.com,390-911-6534,San Francisco,USA,1,1,0,[],"[200, 68]",[81]
260,Darcey Robles,Darcey,Robles,Darcey.Robles@example.com,790-759-5249,London,United Kingdom,0,1,0,[481],[],[]
261,Dulcie Melendez,Dulcie,Melendez,Dulcie.Melendez@example.com,659-843-5422,Barcelona,Spain,1,0,1,[493],[],[]
262,Everly Cortez,Everly,Cortez,Everly.Cortez@example.com,954-995-1806,Toronto,Canada,1,0,0,[160],[442],[]
263,Tommy Farmer,Tommy,Farmer,Tommy.Farmer@example.com,999-431-4584,Toronto,Canada,1,0,0,[435],"[432, 387, 276]",[]
264,Maximillian Atkins,Maximillian,Atkins,Maximillian.Atkins@example.com,421-834-8740,Toronto,Canada,1,1,0,[],[164],[]
265,Eddie Archer,Eddie,Archer,Eddie.Archer@example.com,130-279-8355,San Francisco,USA,0,1,1,[],[],[]
266,Gregory Strong,Gregory,Strong,Gregory.Strong@example.com,952-404-1885,New York,USA,0,1,1,[152],[],[]
267,Jake Spencer,Jake,Spencer,Jake.Spencer@example.com,445-216-5918,San Diego,USA,1,1,1,[162],[144],[]
268,Johnny Ford,Johnny,Ford,Johnny.Ford@example.com,760-126-9651,San Francisco,USA,1,1,1,[385],[],[]
269,Yusuf Salazar,Yusuf,Salazar,Yusuf.Salazar@example.com,311-351-7403,Toronto,Canada,1,0,0,"[321, 291]",[],[]
270,Nelson Huff,Nelson,Huff,Nelson.Huff@example.com,169-619-4582,New York,USA,1,1,1,[],[241],[]
271,Princess Schneider,Princess,Schneider,Princess.Schneider@example.com,683-604-6287,Paris,France,1,0,1,[514],[],[]
272,Findlay Velasquez,Findlay,Velasquez,Findlay.Velasquez@example.com,675-319-8856,Los Angeles,USA,1,1,1,[73],[50],[]
273,Georgiana Horton,Georgiana,Horton,Georgiana.Horton@example.com,290-200-9393,Los Angeles,USA,1,0,1,"[135, 55]",[],[]
274,Bronte Riley,Bronte,Riley,Bronte.Riley@example.com,786-291-8203,Toronto,Canada,0,1,0,[],"[313, 404]",[]
275,Harriett Villegas,Harriett,Villegas,Harriett.Villegas@example.com,329-505-8826,Los Angeles,USA,1,0,1,[],[],[]
276,Bertha Carter,Bertha,Carter,Bertha.Carter@example.com,708-356-2109,Chicago,USA,1,0,1,[],[],[]
277,Fay Lucas,Fay,Lucas,Fay.Lucas@example.com,436-818-1915,Montreal,Canada,1,1,0,[],[],[]
278,Rachael Sykes,Rachael,Sykes,Rachael.Sykes@example.com,623-319-1782,San Diego,USA,0,1,1,[],[],[]
279,Annabelle Atkinson,Annabelle,Atkinson,Annabelle.Atkinson@example.com,494-263-3527,San Francisco,USA,1,0,0,[51],"[105, 82]",[]
280,Zac Wagner,Zac,Wagner,Zac.Wagner@example.com,131-396-9743,San Francisco,USA,1,1,1,[],[1],[]
281,Rosa Stone,Rosa,Stone,Rosa.Stone@example.com,922-216-4141,Paris,France,0,1,0,[],[],[]
282,Elysia Mata,Elysia,Mata,Elysia.Mata@example.com,111-388-1063,New York,USA,0,1,1,[],[],[]
283,Autumn Hensley,Autumn,Hensley,Autumn.Hensley@example.com,107-156-5064,New York,USA,1,1,0,[],[117],[118]
284,Maximilian Whitney,Maximilian,Whitney,Maximilian.Whitney@example.com,804-245-1465,San Francisco,USA,1,0,1,[],[],[]
285,Lorna Levy,Lorna,Levy,Lorna.Levy@example.com,809-114-1988,Toronto,Canada,0,1,0,[],[354],[]
286,Cordelia Marquez,Cordelia,Marquez,Cordelia.Marquez@example.com,636-910-2488,Los Angeles,USA,0,1,1,[393],"[94, 479]",[]
287,Jan Daniels,Jan,Daniels,Jan.Daniels@example.com,305-449-8274,Montreal,Canada,1,0,1,"[282, 378]",[],[]
288,Donald Dale,Donald,Dale,Donald.Dale@example.com,995-494-7868,San Francisco,USA,0,0,1,[],[],[]
289,Adele Cantrell,Adele,Cantrell,Adele.Cantrell@example.com,264-319-7312,New York,USA,1,0,1,[],"[474, 173, 62, 127]",[137]
290,Brenda Ingram,Brenda,Ingram,Brenda.Ingram@example.com,919-358-6885,Montreal,Canada,1,1,1,[],[],[]
291,Brooklyn Gamble,Brooklyn,Gamble,Brooklyn.Gamble@example.com,187-138-7951,Chicago,USA,0,1,1,[254],[],[]
292,Anya Bray,Anya,Bray,Anya.Bray@example.com,396-900-5179,Toronto,Canada,0,1,0,[],[],[]
293,Oliwia Dominguez,Oliwia,Dominguez,Oliwia.Dominguez@example.com,161-309-1110,San Diego,USA,0,1,1,[],[],[]
294,Faizan Hill,Faizan,Hill,Faizan.Hill@example.com,572-649-5353,San Francisco,USA,1,0,0,[],[],[]
295,Maisy Clark,Maisy,Clark,Maisy.Clark@example.com,966-801-8945,San Diego,USA,1,1,0,[],[],[]
296,Steven Reid,Steven,Reid,Steven.Reid@example.com,490-977-4025,San Francisco,USA,1,0,1,[440],[112],[]
297,Ayesha O'Reilly,Ayesha,O'Reilly,Ayesha.O'Reilly@example.com,273-616-5739,San Diego,USA,0,1,0,[],[],[7]
298,Chanel Lang,Chanel,Lang,Chanel.Lang@example.com,284-895-4854,San Francisco,USA,0,1,1,[],[],[]
299,Aadam Browning,Aadam,Browning,Aadam.Browning@example.com,702-276-7562,San Francisco,USA,1,1,1,[],[],[]
300,Danny Knapp,Danny,Knapp,Danny.Knapp@example.com,665-657-4948,Los Angeles,USA,1,1,1,[],[],[]
301,Huda Rogers,Huda,Rogers,Huda.Rogers@example.com,714-169-1009,New York,USA,0,0,1,[],[],[]
302,Ellena Ramsey,Ellena,Ramsey,Ellena.Ramsey@example.com,639-267-5334,San Diego,USA,0,0,1,[],[],[]
303,Nikita Marquez,Nikita,Marquez,Nikita.Marquez@example.com,492-815-1793,Montreal,Canada,1,0,0,[],[316],[]
304,Siena Stanton,Siena,Stanton,Siena.Stanton@example.com,247-260-7851,Chicago,USA,1,1,1,[],[],[]
305,Doris Griffith,Doris,Griffith,Doris.Griffith@example.com,839-124-9420,San Francisco,USA,0,1,1,[],[],[8]
306,Libbie Swanson,Libbie,Swanson,Libbie.Swanson@example.com,176-108-4411,Chicago,USA,0,1,0,[],[],[]
307,Rebekah Shaw,Rebekah,Shaw,Rebekah.Shaw@example.com,531-380-1711,Chicago,USA,1,0,1,[],[],[100]
308,Noah Benton,Noah,Benton,Noah.Benton@example.com,936-522-1085,Los Angeles,USA,0,1,1,[],[15],[49]
309,Barnaby Payne,Barnaby,Payne,Barnaby.Payne@example.com,140-296-7511,London,United Kingdom,1,0,0,[],[421],[]
310,Aya Hoover,Aya,Hoover,Aya.Hoover@example.com,640-104-6782,Chicago,USA,1,1,1,[],[],[]
311,Mariam Campos,Mariam,Campos,Mariam.Campos@example.com,102-916-1394,San Diego,USA,0,1,0,[508],[],[]
312,Marissa Rubio,Marissa,Rubio,Marissa.Rubio@example.com,400-815-9011,Chicago,USA,0,1,1,[388],[],[]
313,Alice Nielsen,Alice,Nielsen,Alice.Nielsen@example.com,988-763-8894,Chicago,USA,0,0,1,[],[],[]
314,Neve Hendrix,Neve,Hendrix,Neve.Hendrix@example.com,965-871-6717,Chicago,USA,0,1,1,"[202, 198]","[153, 281]",[]
315,Kiara Sosa,Kiara,Sosa,Kiara.Sosa@example.com,982-969-2499,Los Angeles,USA,1,0,0,[],[],[]
316,Mathilda Abbott,Mathilda,Abbott,Mathilda.Abbott@example.com,893-420-4063,New York,USA,0,0,1,[178],[],[]
317,Bessie Cuevas,Bessie,Cuevas,Bessie.Cuevas@example.com,629-379-6872,Toronto,Canada,1,1,0,[442],[],[]
318,Mario Luna,Mario,Luna,Mario.Luna@example.com,547-624-3479,Toronto,Canada,1,1,1,"[288, 395]",[435],[]
319,Tess Short,Tess,Short,Tess.Short@example.com,990-918-2059,Los Angeles,USA,1,0,1,[520],[],[]
320,Liberty Stephenson,Liberty,Stephenson,Liberty.Stephenson@example.com,613-740-5020,San Francisco,USA,1,0,0,[247],[],[]
321,Leena Castillo,Leena,Castillo,Leena.Castillo@example.com,648-845-8799,San Francisco,USA,0,0,1,[],[],[]
322,Melissa Harding,Melissa,Harding,Melissa.Harding@example.com,614-765-9511,San Francisco,USA,1,0,0,[],"[24, 368]",[]
323,Seren Rocha,Seren,Rocha,Seren.Rocha@example.com,880-236-4632,Toronto,Canada,0,1,0,[],[301],[]
324,Thea Hamilton,Thea,Hamilton,Thea.Hamilton@example.com,868-547-6826,Montreal,Canada,1,1,1,[],[],[]
325,Matilda Griffin,Matilda,Griffin,Matilda.Griffin@example.com,176-758-4552,Toronto,Canada,1,1,0,[],[245],[]
326,Archibald Melendez,Archibald,Melendez,Archibald.Melendez@example.com,553-482-8315,Chicago,USA,1,1,0,[],[325],[97]
327,Oliver Sanford,Oliver,Sanford,Oliver.Sanford@example.com,628-646-1375,Toronto,Canada,1,1,0,[267],[],[]
328,Otis Pittman,Otis,Pittman,Otis.Pittman@example.com,563-494-9026,San Diego,USA,1,1,1,[119],[403],[21]
329,Rory Bartlett,Rory,Bartlett,Rory.Bartlett@example.com,429-411-4734,San Diego,USA,1,1,0,[],[],[]
330,Abubakar Shaffer,Abubakar,Shaffer,Abubakar.Shaffer@example.com,404-849-9394,Barcelona,Spain,1,0,0,[],[],[]
331,Lia Hudson,Lia,Hudson,Lia.Hudson@example.com,671-560-5008,San Francisco,USA,1,1,0,[],[151],[]
332,Gertrude Huffman,Gertrude,Huffman,Gertrude.Huffman@example.com,148-739-3707,San Diego,USA,0,1,0,[],[],[135]
333,Tamzin Hernandez,Tamzin,Hernandez,Tamzin.Hernandez@example.com,657-945-1077,Chicago,USA,1,0,1,[],[],[]
334,Elisabeth Tran,Elisabeth,Tran,Elisabeth.Tran@example.com,363-441-2226,London,United Kingdom,1,0,1,[],[],[]
335,Aaminah Daniel,Aaminah,Daniel,Aaminah.Daniel@example.com,877-314-7868,New York,USA,1,1,1,[],"[328, 356]",[]
336,Katrina Foster,Katrina,Foster,Katrina.Foster@example.com,497-544-5065,London,United Kingdom,1,1,0,[],[],[]
337,Xavier Mcguire,Xavier,Mcguire,Xavier.Mcguire@example.com,329-569-7858,San Francisco,USA,0,0,1,[],[231],[]
338,Patricia John,Patricia,John,Patricia.John@example.com,338-345-6084,Barcelona,Spain,0,0,1,[],[],[]
339,Sahil Lyons,Sahil,Lyons,Sahil.Lyons@example.com,494-702-9881,Montreal,Canada,1,0,1,[],[],[]
340,Lilly-Rose Richards,Lilly-Rose,Richards,Lilly-Rose.Richards@example.com,264-213-8415,New York,USA,1,1,1,[249],[],[]
341,Alexandros Green,Alexandros,Green,Alexandros.Green@example.com,725-427-2794,San Diego,USA,0,1,0,[],[444],[1]
342,Alfred Stuart,Alfred,Stuart,Alfred.Stuart@example.com,713-145-1454,Los Angeles,USA,0,0,1,[53],"[370, 239]",[]
343,Taha Carroll,Taha,Carroll,Taha.Carroll@example.com,368-154-2650,Chicago,USA,1,1,0,[],[],[109]
344,Randy Edwards,Randy,Edwards,Randy.Edwards@example.com,935-107-2953,Barcelona,Spain,0,1,0,[],[],[]
345,Hannah Zuniga,Hannah,Zuniga,Hannah.Zuniga@example.com,515-268-3667,Chicago,USA,1,1,1,[150],[469],[55]
346,Caiden Kaufman,Caiden,Kaufman,Caiden.Kaufman@example.com,805-349-3127,Montreal,Canada,0,0,1,[],[341],[]
347,Jemma Greer,Jemma,Greer,Jemma.Greer@example.com,220-752-3577,San Francisco,USA,0,0,1,[],[],[]
348,Alistair Moore,Alistair,Moore,Alistair.Moore@example.com,358-489-3754,Los Angeles,USA,0,1,1,[],[],[]
349,Rachael Shields,Rachael,Shields,Rachael.Shields@example.com,557-384-9605,New York,USA,1,1,1,[],[224],[]
350,Jed Myers,Jed,Myers,Jed.Myers@example.com,920-927-4758,San Francisco,USA,0,0,1,[456],[],[]
351,Keaton Ortiz,Keaton,Ortiz,Keaton.Ortiz@example.com,676-716-9033,San Diego,USA,0,1,1,[],[184],[]
352,Maliha Hood,Maliha,Hood,Maliha.Hood@example.com,296-552-6256,San Diego,USA,0,0,1,[],[],[]
353,Jennie Monroe,Jennie,Monroe,Jennie.Monroe@example.com,613-385-2077,Montreal,Canada,0,0,1,[],[],[]
354,Sharon Rojas,Sharon,Rojas,Sharon.Rojas@example.com,901-513-9962,New York,USA,0,1,0,[],[],[]
355,Dawid Lozano,Dawid,Lozano,Dawid.Lozano@example.com,410-788-9917,Toronto,Canada,0,1,0,[],[],[]
356,Romeo Martin,Romeo,Martin,Romeo.Martin@example.com,834-460-4855,Toronto,Canada,0,1,1,"[338, 523]",[],[]
357,Nikhil Peck,Nikhil,Peck,Nikhil.Peck@example.com,395-769-3300,Chicago,USA,0,1,1,[],[],[]
358,Sadie Hammond,Sadie,Hammond,Sadie.Hammond@example.com,799-609-4421,Barcelona,Spain,1,1,0,[],"[504, 503]",[]
359,Jayden Meyers,Jayden,Meyers,Jayden.Meyers@example.com,233-480-8798,San Diego,USA,1,0,0,[517],[],[]
360,Judy Clayton,Judy,Clayton,Judy.Clayton@example.com,757-533-4647,Paris,France,1,1,0,[],[498],[]
361,Joel Baldwin,Joel,Baldwin,Joel.Baldwin@example.com,161-534-8719,San Diego,USA,0,0,1,[350],[],[]
362,Fletcher Moreno,Fletcher,Moreno,Fletcher.Moreno@example.com,228-202-6360,San Francisco,USA,1,0,0,[],[],[89]
363,Layton Suarez,Layton,Suarez,Layton.Suarez@example.com,909-218-5658,San Francisco,USA,1,0,0,[],"[375, 263]",[]
364,Markus Weaver,Markus,Weaver,Markus.Weaver@example.com,806-124-5977,Los Angeles,USA,1,0,1,[],[273],[]
365,Martina Moran,Martina,Moran,Martina.Moran@example.com,641-323-9929,Toronto,Canada,0,0,1,[418],[],[]
366,Maxwell Lee,Maxwell,Lee,Maxwell.Lee@example.com,221-138-8090,San Francisco,USA,0,1,0,[34],[],[]
367,Eryn Bowers,Eryn,Bowers,Eryn.Bowers@example.com,767-372-8468,Chicago,USA,1,1,1,[],[106],[]
368,Marie Hughes,Marie,Hughes,Marie.Hughes@example.com,918-588-9531,New York,USA,1,1,1,[],[],[22]
369,Reggie Strong,Reggie,Strong,Reggie.Strong@example.com,459-645-8476,Toronto,Canada,1,1,1,"[227, 255]",[201],[]
370,Darcey Powell,Darcey,Powell,Darcey.Powell@example.com,558-608-9550,San Diego,USA,1,1,0,[],[352],"[14, 60]"
371,Ismaeel Roach,Ismaeel,Roach,Ismaeel.Roach@example.com,334-436-6254,Los Angeles,USA,0,1,1,[],[],[3]
372,Holly Gillespie,Holly,Gillespie,Holly.Gillespie@example.com,537-653-7820,New York,USA,0,1,1,[],[],[]
373,Robbie Paul,Robbie,Paul,Robbie.Paul@example.com,852-236-4050,Los Angeles,USA,1,0,1,[],[4],[128]
374,Sara Harris,Sara,Harris,Sara.Harris@example.com,549-750-2047,San Francisco,USA,1,1,0,[],"[130, 203, 270, 463]",[43]
375,Brandon Rangel,Brandon,Rangel,Brandon.Rangel@example.com,417-706-8052,New York,USA,1,1,0,"[222, 486]",[],[]
376,Saskia Glover,Saskia,Glover,Saskia.Glover@example.com,883-302-1765,Los Angeles,USA,0,1,1,[],[262],[]
377,Phyllis Gill,Phyllis,Gill,Phyllis.Gill@example.com,821-675-4190,Los Angeles,USA,0,1,0,[116],[],[140]
378,Junior Mcgowan,Junior,Mcgowan,Junior.Mcgowan@example.com,820-164-6757,San Francisco,USA,1,0,0,[],[],[]
379,Leanne Cordova,Leanne,Cordova,Leanne.Cordova@example.com,514-225-7453,Paris,France,0,0,1,[],[488],[]
380,James Warner,James,Warner,James.Warner@example.com,839-312-5829,Toronto,Canada,0,1,0,"[213, 165]",[],[]
381,Elsa Hebert,Elsa,Hebert,Elsa.Hebert@example.com,389-739-1832,Los Angeles,USA,0,1,0,[],[],[]
382,Zachery Snow,Zachery,Snow,Zachery.Snow@example.com,354-295-2894,Toronto,Canada,0,1,0,[313],[338],[]
383,Owen Michael,Owen,Michael,Owen.Michael@example.com,178-910-8863,Toronto,Canada,0,1,0,[],[],[]
384,Fraser Hooper,Fraser,Hooper,Fraser.Hooper@example.com,228-636-9031,New York,USA,0,1,0,[],[],[]
385,Olivia Slater,Olivia,Slater,Olivia.Slater@example.com,618-239-1471,Los Angeles,USA,1,1,1,[],[31],[]
386,Gregory Mcgrath,Gregory,Mcgrath,Gregory.Mcgrath@example.com,284-161-5702,San Francisco,USA,0,0,1,[],[],[]
387,Jesse Perry,Jesse,Perry,Jesse.Perry@example.com,711-621-8470,New York,USA,0,1,1,[455],"[69, 95]",[]
388,Yousef Andrews,Yousef,Andrews,Yousef.Andrews@example.com,532-910-6535,Los Angeles,USA,1,1,0,[108],[],[]
389,Levi Hoffman,Levi,Hoffman,Levi.Hoffman@example.com,442-352-9243,London,United Kingdom,1,1,0,[503],[],[]
390,Camilla Wells,Camilla,Wells,Camilla.Wells@example.com,149-482-9546,London,United Kingdom,1,0,1,[],[],[]
391,Laiba Knapp,Laiba,Knapp,Laiba.Knapp@example.com,311-460-4985,New York,USA,0,1,0,[],[454],[]
392,Kyle Joseph,Kyle,Joseph,Kyle.Joseph@example.com,499-600-6164,Toronto,Canada,1,0,1,[357],[],[]
393,Timothy Jacobs,Timothy,Jacobs,Timothy.Jacobs@example.com,105-356-5519,Barcelona,Spain,1,0,1,[],[459],[]
394,Guy Osborn,Guy,Osborn,Guy.Osborn@example.com,990-686-6129,San Francisco,USA,0,0,1,[],[],[]
395,Maxim Romero,Maxim,Romero,Maxim.Romero@example.com,398-796-6242,San Diego,USA,0,0,1,[],[],[]
396,Penny Hanson,Penny,Hanson,Penny.Hanson@example.com,853-297-6593,Toronto,Canada,0,0,1,[],[],[]
397,Zaynab Salas,Zaynab,Salas,Zaynab.Salas@example.com,696-692-1941,San Diego,USA,0,1,0,[],[214],[]
398,Myrtle Lewis,Myrtle,Lewis,Myrtle.Lewis@example.com,727-289-2785,London,United Kingdom,1,1,1,[],[],[]
399,Nathan Pearce,Nathan,Pearce,Nathan.Pearce@example.com,161-192-5834,Los Angeles,USA,1,1,1,[166],[],[]
400,Joanna Durham,Joanna,Durham,Joanna.Durham@example.com,302-863-6548,Los Angeles,USA,0,1,0,"[412, 6]",[],[]
401,Gloria Quinn,Gloria,Quinn,Gloria.Quinn@example.com,225-175-9968,San Diego,USA,1,0,1,[],[266],[]
402,Safaa Lopez,Safaa,Lopez,Safaa.Lopez@example.com,863-714-5286,Chicago,USA,1,0,0,[],[],[]
403,Tariq Holman,Tariq,Holman,Tariq.Holman@example.com,734-647-8275,Paris,France,0,1,1,[],[],[]
404,Verity Oneal,Verity,Oneal,Verity.Oneal@example.com,736-555-3571,San Francisco,USA,1,0,1,[400],[],[]
405,Cecily Blaese,Cecily,Blaese,Cecily.Blaese@example.com,234-446-2115,Toronto,Canada,0,1,1,[207],[],[]
406,Gideon Perez,Gideon,Perez,Gideon.Perez@example.com,135-944-5781,Toronto,Canada,1,1,1,[],[],[]
407,Trinity Mora,Trinity,Mora,Trinity.Mora@example.com,406-645-2610,Toronto,Canada,1,0,0,[],[],[]
408,Adnan Moore,Adnan,Moore,Adnan.Moore@example.com,132-644-9432,San Francisco,USA,0,1,0,"[80, 272, 236]",[],[]
409,Aleksander Durham,Aleksander,Durham,Aleksander.Durham@example.com,582-306-5689,New York,USA,1,1,1,[],[521],[]
410,Findlay O'Quinn,Findlay,O'Quinn,Findlay.O'Quinn@example.com,605-713-8734,Los Angeles,USA,1,0,0,[],[],[]
411,Candice Hooper,Candice,Hooper,Candice.Hooper@example.com,382-506-1338,Toronto,Canada,1,1,1,[],"[321, 207]",[]
412,Omar Clements,Omar,Clements,Omar.Clements@example.com,998-234-1057,Barcelona,Spain,0,0,1,[],[424],[]
413,Charlotte Trevino,Charlotte,Trevino,Charlotte.Trevino@example.com,110-715-4620,New York,USA,1,1,0,[],[235],[]
414,Ahmed Mcpherson,Ahmed,Mcpherson,Ahmed.Mcpherson@example.com,797-300-1323,Los Angeles,USA,1,0,0,[],[55],[]
415,Christopher Pollard,Christopher,Pollard,Christopher.Pollard@example.com,915-743-9764,San Diego,USA,1,1,1,"[180, 327]",[],[]
416,Emilie Mckee,Emilie,Mckee,Emilie.Mckee@example.com,270-914-6681,San Francisco,USA,1,1,0,[],[],[136]
417,Sufyaan Gonzales,Sufyaan,Gonzales,Sufyaan.Gonzales@example.com,729-767-8923,San Diego,USA,1,1,1,[],[],[]
418,Kian Stephens,Kian,Stephens,Kian.Stephens@example.com,820-881-5658,Chicago,USA,1,1,1,[],[],[]
419,Celine Calderon,Celine,Calderon,Celine.Calderon@example.com,110-293-2276,San Diego,USA,0,1,0,[],[311],[]
420,Pablo Benton,Pablo,Benton,Pablo.Benton@example.com,918-474-3062,London,United Kingdom,1,0,0,[447],[],[]
421,Juliet Gordon,Juliet,Gordon,Juliet.Gordon@example.com,647-601-9488,San Diego,USA,1,0,0,[48],[162],[]
422,Ruby Reid,Ruby,Reid,Ruby.Reid@example.com,877-977-4677,San Francisco,USA,0,1,0,[],[449],[]
423,Haaris Blevins,Haaris,Blevins,Haaris.Blevins@example.com,790-597-2437,Chicago,USA,0,1,0,"[256, 277]",[],[]
424,Carol Bean,Carol,Bean,Carol.Bean@example.com,168-263-3805,San Francisco,USA,1,0,0,[],[],[]
425,Ines Davis,Ines,Davis,Ines.Davis@example.com,238-215-9099,San Francisco,USA,0,0,1,[22],[514],[]
426,Bill Chen,Bill,Chen,Bill.Chen@example.com,264-895-1912,Toronto,Canada,1,1,1,[],[],[]
427,Lola Vaughan,Lola,Vaughan,Lola.Vaughan@example.com,722-400-6707,Paris,France,0,0,1,[513],[],[]
428,Abi Montgomery,Abi,Montgomery,Abi.Montgomery@example.com,904-933-1987,Montreal,Canada,0,0,1,[],[],[]
429,Mike Hurst,Mike,Hurst,Mike.Hurst@example.com,488-247-6930,Montreal,Canada,0,1,1,[335],[426],[]
430,Huw Pearson,Huw,Pearson,Huw.Pearson@example.com,505-476-1251,San Diego,USA,0,1,0,[415],"[416, 57, 27]",[119]
431,Alannah Vaughn,Alannah,Vaughn,Alannah.Vaughn@example.com,942-130-5841,San Francisco,USA,1,0,0,[],[52],[]
432,Camilla Huff,Camilla,Huff,Camilla.Huff@example.com,943-976-4626,San Francisco,USA,1,0,1,[],[],[]
433,Angelo Manning,Angelo,Manning,Angelo.Manning@example.com,182-351-6749,Toronto,Canada,1,0,0,[445],[],[]
434,Enzo Hess,Enzo,Hess,Enzo.Hess@example.com,359-874-3781,Los Angeles,USA,1,0,1,[483],[],[]
435,Jorge Hebert,Jorge,Hebert,Jorge.Hebert@example.com,301-526-9714,Los Angeles,USA,0,0,1,[],[9],[]
436,Alan Burton,Alan,Burton,Alan.Burton@example.com,795-682-8733,San Francisco,USA,1,0,0,"[497, 383]",[],[104]
437,Harvey Rios,Harvey,Rios,Harvey.Rios@example.com,439-940-5960,Los Angeles,USA,1,1,0,[],[],[]
438,Leslie Harrington,Leslie,Harrington,Leslie.Harrington@example.com,170-517-1270,Chicago,USA,1,1,0,"[97, 434, 525, 413]",[],[]
439,Leona Daugherty,Leona,Daugherty,Leona.Daugherty@example.com,815-288-7354,Montreal,Canada,1,1,1,"[516, 238]",[],[]
440,Dean Koch,Dean,Koch,Dean.Koch@example.com,510-682-8416,San Francisco,USA,0,0,1,[],"[457, 100]",[]
441,Conrad Hanna,Conrad,Hanna,Conrad.Hanna@example.com,934-954-3387,San Diego,USA,0,1,1,[389],[211],[147]
442,Lenny Hardy,Lenny,Hardy,Lenny.Hardy@example.com,618-571-1851,Toronto,Canada,0,1,1,[414],[],[]
443,Miguel Guerrero,Miguel,Guerrero,Miguel.Guerrero@example.com,542-618-4471,San Francisco,USA,1,1,1,[290],[],[]
444,Karina Mata,Karina,Mata,Karina.Mata@example.com,428-919-4395,San Francisco,USA,1,1,0,[],[468],[]
445,Marco Fletcher,Marco,Fletcher,Marco.Fletcher@example.com,196-551-2162,Los Angeles,USA,1,1,0,[],[],[129]
446,Julius Marquez,Julius,Marquez,Julius.Marquez@example.com,189-235-8167,Montreal,Canada,0,1,1,[],[],[]
447,Lucy Livingston,Lucy,Livingston,Lucy.Livingston@example.com,528-980-5732,San Diego,USA,1,0,1,[],[],[]
448,Amna Garner,Amna,Garner,Amna.Garner@example.com,157-518-8037,Paris,France,1,1,1,[],[],[]
449,Raja Hull,Raja,Hull,Raja.Hull@example.com,209-644-4005,Toronto,Canada,1,0,1,[],[],[]
450,Rio Suarez,Rio,Suarez,Rio.Suarez@example.com,304-182-8487,Paris,France,0,1,1,[],[],[]
451,Amie Lin,Amie,Lin,Amie.Lin@example.com,153-814-9880,New York,USA,1,0,1,[],[],[]
452,Iqra Kelly,Iqra,Kelly,Iqra.Kelly@example.com,319-337-5741,Los Angeles,USA,1,1,1,[21],[63],[]
453,Kiran Barr,Kiran,Barr,Kiran.Barr@example.com,755-593-9023,New York,USA,0,1,0,[],[],[]
454,Zuzanna Moody,Zuzanna,Moody,Zuzanna.Moody@example.com,727-221-6352,San Diego,USA,0,1,1,[],[32],[]
455,Margaret Woods,Margaret,Woods,Margaret.Woods@example.com,693-338-9657,Chicago,USA,0,0,1,[],"[323, 174]",[]
456,Larry Clay,Larry,Clay,Larry.Clay@example.com,151-494-2927,Montreal,Canada,0,1,0,[],[],[]
457,Ffion Brandt,Ffion,Brandt,Ffion.Brandt@example.com,560-197-4771,San Diego,USA,0,0,1,[],[48],[]
458,Taha Torres,Taha,Torres,Taha.Torres@example.com,685-146-7547,Los Angeles,USA,0,1,0,[],[],[]
459,Hector Lam,Hector,Lam,Hector.Lam@example.com,784-605-2200,Los Angeles,USA,1,0,1,[],[115],[]
460,Demi Dennis,Demi,Dennis,Demi.Dennis@example.com,429-374-1894,Los Angeles,USA,0,1,0,[449],[],[]
461,Leila Hawkins,Leila,Hawkins,Leila.Hawkins@example.com,970-992-9362,Los Angeles,USA,0,1,0,"[56, 72]","[140, 406]",[]
462,Junior Schwartz,Junior,Schwartz,Junior.Schwartz@example.com,543-252-9069,San Francisco,USA,0,1,1,[],[],[]
463,Tristan Lambert,Tristan,Lambert,Tristan.Lambert@example.com,125-567-3504,San Diego,USA,1,1,1,[],"[90, 525]",[]
464,Liliana Carpenter,Liliana,Carpenter,Liliana.Carpenter@example.com,769-403-7834,New York,USA,0,1,0,[],[],[]
465,Karen Robles,Karen,Robles,Karen.Robles@example.com,144-367-7871,Barcelona,Spain,0,0,1,[],[],[]
466,Charis Cotton,Charis,Cotton,Charis.Cotton@example.com,598-771-1224,Toronto,Canada,0,0,1,"[193, 451]",[],[]
467,Zubair Sheppard,Zubair,Sheppard,Zubair.Sheppard@example.com,845-425-4523,San Francisco,USA,1,1,1,[398],[257],[]
468,Cassie Gaines,Cassie,Gaines,Cassie.Gaines@example.com,496-692-2413,Paris,France,0,1,1,[],[],[]
469,Zohaib Preston,Zohaib,Preston,Zohaib.Preston@example.com,575-540-7871,San Francisco,USA,0,1,0,[],[],[]
470,Kyla Brennan,Kyla,Brennan,Kyla.Brennan@example.com,440-863-6538,Toronto,Canada,0,0,1,[],[],[]
471,Amira Mueller,Amira,Mueller,Amira.Mueller@example.com,445-867-4511,San Francisco,USA,0,1,0,[],[],[]
472,Colby Baxter,Colby,Baxter,Colby.Baxter@example.com,584-747-3867,Los Angeles,USA,1,0,0,"[49, 52]","[137, 409]",[]
473,Hayden Lucas,Hayden,Lucas,Hayden.Lucas@example.com,527-308-6637,Montreal,Canada,1,0,1,[],"[282, 378, 399]",[]
474,Willard Gray,Willard,Gray,Willard.Gray@example.com,894-914-4304,Paris,France,1,1,1,[],[],[]
475,Sophie Lindsey,Sophie,Lindsey,Sophie.Lindsey@example.com,392-864-7558,Paris,France,0,0,1,[],[],[]
476,Sabrina Becker,Sabrina,Becker,Sabrina.Becker@example.com,895-364-8107,Toronto,Canada,1,0,0,[],[],[]
477,Dillon Cisneros,Dillon,Cisneros,Dillon.Cisneros@example.com,304-384-6230,Paris,France,1,1,1,[],[],[]
478,Alejandro Ali,Alejandro,Ali,Alejandro.Ali@example.com,685-467-9906,San Francisco,USA,0,0,1,[266],[],[]
479,Terence Rosales,Terence,Rosales,Terence.Rosales@example.com,298-641-6696,Toronto,Canada,0,1,1,[],[],[]
480,Abu Miranda,Abu,Miranda,Abu.Miranda@example.com,615-102-4849,Los Angeles,USA,0,1,1,[76],[],[4]
481,Sophia Randolph,Sophia,Randolph,Sophia.Randolph@example.com,972-667-2372,New York,USA,1,1,0,[120],[],[]
482,Ahmad Patrick,Ahmad,Patrick,Ahmad.Patrick@example.com,875-486-1626,Toronto,Canada,1,1,0,[491],[],[]
483,Christine Davenport,Christine,Davenport,Christine.Davenport@example.com,168-853-2168,Montreal,Canada,0,1,0,[],[],[]
484,Lowri Brady,Lowri,Brady,Lowri.Brady@example.com,116-274-4785,Toronto,Canada,1,1,0,[],[],[]
485,Ashley Cain,Ashley,Cain,Ashley.Cain@example.com,679-244-6655,London,United Kingdom,0,0,1,[],[],[]
486,Andre Le,Andre,Le,Andre.Le@example.com,583-114-3994,San Francisco,USA,1,0,0,[],[],[73]
487,Bernard Moran,Bernard,Moran,Bernard.Moran@example.com,863-265-3242,San Francisco,USA,0,1,0,[146],[522],[]
488,Jenson Carlson,Jenson,Carlson,Jenson.Carlson@example.com,282-249-3068,Paris,France,1,1,1,[],[],[]
489,Khadija Dunlap,Khadija,Dunlap,Khadija.Dunlap@example.com,752-472-1641,San Francisco,USA,1,0,1,[115],[400],[]
490,Rhonda Coffey,Rhonda,Coffey,Rhonda.Coffey@example.com,473-420-4500,San Francisco,USA,0,1,1,[],[92],[]
491,Ehsan Anthony,Ehsan,Anthony,Ehsan.Anthony@example.com,364-687-4749,San Francisco,USA,0,0,1,[98],[],[]
492,Haider Mcguire,Haider,Mcguire,Haider.Mcguire@example.com,719-649-9057,New York,USA,0,0,1,[],[],[]
493,Jazmine Harper,Jazmine,Harper,Jazmine.Harper@example.com,956-324-6086,Los Angeles,USA,0,1,1,[390],[],[]
494,Bryan Caldwell,Bryan,Caldwell,Bryan.Caldwell@example.com,161-104-1451,San Francisco,USA,0,0,1,[352],[61],[]
495,Sandra Bowman,Sandra,Bowman,Sandra.Bowman@example.com,190-234-9749,Los Angeles,USA,1,1,1,[],[],[]
496,Micheal Maldonado,Micheal,Maldonado,Micheal.Maldonado@example.com,895-850-8289,London,United Kingdom,0,0,1,[],[],[]
497,Arjun Mccarthy,Arjun,Mccarthy,Arjun.Mccarthy@example.com,152-255-3479,Los Angeles,USA,1,0,0,[],[],[]
498,Keisha Norris,Keisha,Norris,Keisha.Norris@example.com,117-850-3045,New York,USA,1,1,0,[],[],[]
499,Harris Mack,Harris,Mack,Harris.Mack@example.com,633-338-5745,New York,USA,0,1,0,[],[486],[]
500,Alexandra Young,Alexandra,Young,Alexandra.Young@example.com,425-414-7823,Barcelona,Spain,1,0,1,[],[],[]
501,Nannie Carr,Nannie,Carr,Nannie.Carr@example.com,175-709-3929,San Francisco,USA,1,0,1,[289],[],[]
502,Imran Page,Imran,Page,Imran.Page@example.com,203-209-8114,Montreal,Canada,0,1,1,[],[],[]
503,Jim Moses,Jim,Moses,Jim.Moses@example.com,560-446-1279,London,United Kingdom,0,1,0,[474],[510],[]
504,Anjali Peck,Anjali,Peck,Anjali.Peck@example.com,703-497-6452,San Diego,USA,0,1,0,[],[],[]
505,Bessie Conley,Bessie,Conley,Bessie.Conley@example.com,128-912-7282,London,United Kingdom,0,1,0,[509],[],[]
506,Jude Manning,Jude,Manning,Jude.Manning@example.com,705-992-3397,New York,USA,1,1,1,[374],[],[]
507,Bridget Oneill,Bridget,Oneill,Bridget.Oneill@example.com,349-116-7728,San Francisco,USA,1,0,0,[],[],[]
508,Brooke Barron,Brooke,Barron,Brooke.Barron@example.com,715-588-5341,Chicago,USA,0,1,0,[],[],[]
509,Lukas Howard,Lukas,Howard,Lukas.Howard@example.com,846-508-8212,Chicago,USA,1,0,1,[225],[],[]
510,Kaya Jacobson,Kaya,Jacobson,Kaya.Jacobson@example.com,870-909-4612,San Francisco,USA,1,0,0,[],[],[]
511,Kitty Carroll,Kitty,Carroll,Kitty.Carroll@example.com,305-617-1384,San Diego,USA,0,1,0,[],[],[]
512,Khadijah Little,Khadijah,Little,Khadijah.Little@example.com,258-211-4243,San Diego,USA,1,1,0,[472],[],[]
513,Scarlett Bradley,Scarlett,Bradley,Scarlett.Bradley@example.com,841-963-6257,San Diego,USA,0,1,0,[],[],[]
514,Willard Odling,Willard,Odling,Willard.Odling@example.com,156-301-8459,Chicago,USA,1,0,1,[],[],[]
515,Gerald Carver,Gerald,Carver,Gerald.Carver@example.com,658-867-4112,Los Angeles,USA,0,0,1,"[130, 91]",[],[]
516,Kate Key,Kate,Key,Kate.Key@example.com,336-283-3896,San Francisco,USA,0,1,1,[],[33],[51]
517,Danielle Lester,Danielle,Lester,Danielle.Lester@example.com,427-342-5497,San Francisco,USA,1,1,0,[],[],[]
518,Mabel Pace,Mabel,Pace,Mabel.Pace@example.com,752-347-2146,Los Angeles,USA,0,1,1,[27],[],[61]
519,Eoin Fields,Eoin,Fields,Eoin.Fields@example.com,507-766-7432,Los Angeles,USA,1,0,0,[],[],[85]
520,Henry Holloway,Henry,Holloway,Henry.Holloway@example.com,760-481-5035,San Francisco,USA,0,0,1,[468],[],[]
521,Khalid Mclaughlin,Khalid,Mclaughlin,Khalid.Mclaughlin@example.com,140-879-1467,San Francisco,USA,1,0,0,[192],[],[]
522,Umar Guerrero,Umar,Guerrero,Umar.Guerrero@example.com,207-890-3313,San Francisco,USA,1,1,1,[],[],[]
523,Ameera Kirby,Ameera,Kirby,Ameera.Kirby@example.com,611-776-9890,London,United Kingdom,1,0,1,[490],[],[]
524,Emre Everett,Emre,Everett,Emre.Everett@example.com,986-281-7506,San Francisco,USA,0,1,1,[],[],[]
525,Aidan Mcmahon,Aidan,Mcmahon,Aidan.Mcmahon@example.com,896-647-2628,New York,USA,1,1,1,[],[],[]
526,Tara Brewer,Tara,Brewer,Tara.Brewer@example.com,114-507-5478,New York,USA,0,1,0,[],"[473, 407]",[13]
527,Layton Cisneros,Layton,Cisneros,Layton.Cisneros@example.com,624-631-4459,San Francisco,USA,1,0,0,[],[],[]
528,Md Booker,Md,Booker,Md.Booker@example.com,544-944-1609,New York,USA,1,0,1,[224],[],[35]
529,Lawrence Simon,Lawrence,Simon,Lawrence.Simon@example.com,305-708-6970,San Diego,USA,0,1,0,[],[],[]
530,Isobelle Davidson,Isobelle,Davidson,Isobelle.Davidson@example.com,237-295-4490,San Francisco,USA,0,1,0,[86],[],[94]
531,Jake Salazar,Jake,Salazar,Jake.Salazar@example.com,250-705-1154,San Francisco,USA,1,0,0,[0],[],[]
532,Lawson Levine,Lawson,Levine,Lawson.Levine@example.com,785-936-5286,San Francisco,USA,1,1,1,[],[],[]
533,Joshua Holt,Joshua,Holt,Joshua.Holt@example.com,993-541-7464,New York,USA,0,1,1,[],[107],[26]
534,Ada Walsh,Ada,Walsh,Ada.Walsh@example.com,391-963-8942,San Francisco,USA,0,0,1,[],[],[]
535,Carolyn Pittman,Carolyn,Pittman,Carolyn.Pittman@example.com,451-215-7038,New York,USA,1,0,0,[62],[101],[]
536,Orla Monroe,Orla,Monroe,Orla.Monroe@example.com,200-722-3778,Toronto,Canada,0,1,1,[],[],[]
537,Bronwyn Hanna,Bronwyn,Hanna,Bronwyn.Hanna@example.com,763-469-4049,Toronto,Canada,1,0,0,[],[158],[]
538,Tristan Valdez,Tristan,Valdez,Tristan.Valdez@example.com,109-614-1639,Los Angeles,USA,1,1,0,"[18, 403, 494]",[],[]
539,Ruth Stone,Ruth,Stone,Ruth.Stone@example.com,429-930-9178,Montreal,Canada,1,1,0,[],[],[]
540,Savannah Boone,Savannah,Boone,Savannah.Boone@example.com,159-573-6793,Los Angeles,USA,1,1,1,"[364, 124]",[],[42]
541,Elysia Schaefer,Elysia,Schaefer,Elysia.Schaefer@example.com,264-321-9679,Montreal,Canada,1,0,1,[],[],[]
542,Moses O'Gallagher,Moses,O'Gallagher,Moses.O'Gallagher@example.com,303-406-9507,Chicago,USA,1,0,0,[],[],[]
543,Esme Krueger,Esme,Krueger,Esme.Krueger@example.com,173-138-2227,Toronto,Canada,1,1,0,[348],"[490, 255]",[]
544,Millie Yates,Millie,Yates,Millie.Yates@example.com,673-424-3380,Chicago,USA,1,1,0,[],[],[]
545,Valentina Cross,Valentina,Cross,Valentina.Cross@example.com,142-486-2939,Los Angeles,USA,1,1,0,[],[464],[]
546,Lenny Patrick,Lenny,Patrick,Lenny.Patrick@example.com,109-247-6898,San Francisco,USA,1,1,0,[318],[326],[]
547,Ty Serrano,Ty,Serrano,Ty.Serrano@example.com,901-570-7400,San Francisco,USA,0,1,0,[],[],[]
548,Katherine Whitehead,Katherine,Whitehead,Katherine.Whitehead@example.com,416-889-9840,Los Angeles,USA,1,1,1,[],[],[]
549,Danny Tate,Danny,Tate,Danny.Tate@example.com,574-779-9113,San Diego,USA,1,0,0,[],[],[]
550,Prince Sharp,Prince,Sharp,Prince.Sharp@example.com,886-278-8764,Montreal,Canada,0,1,1,[],[],[]
551,Donovan Evans,Donovan,Evans,Donovan.Evans@example.com,729-134-2962,Montreal,Canada,0,1,0,[],[],[]
552,Daniel Reid,Daniel,Reid,Daniel.Reid@example.com,753-936-1634,Paris,France,1,0,0,[],[],[]
553,Rajan Fletcher,Rajan,Fletcher,Rajan.Fletcher@example.com,443-159-6306,Chicago,USA,1,0,1,[],[362],[]
554,Tyrell Holman,Tyrell,Holman,Tyrell.Holman@example.com,582-574-4299,San Francisco,USA,0,1,1,[463],[148],[139]
555,Ammar Floyd,Ammar,Floyd,Ammar.Floyd@example.com,960-107-6796,New York,USA,0,1,1,"[210, 310]",[],[]
556,Zayn Webb,Zayn,Webb,Zayn.Webb@example.com,561-761-7547,New York,USA,1,0,1,[129],[],[53]
557,Wilbur Valentine,Wilbur,Valentine,Wilbur.Valentine@example.com,718-283-9417,San Francisco,USA,1,1,1,[],[],[]
558,Clementine Sloan,Clementine,Sloan,Clementine.Sloan@example.com,480-906-3761,Chicago,USA,1,1,0,[],[],[]
559,Cecilia Edwards,Cecilia,Edwards,Cecilia.Edwards@example.com,941-963-8256,London,United Kingdom,1,1,1,[],[],[]
560,Aled Harris,Aled,Harris,Aled.Harris@example.com,924-132-3783,San Diego,USA,0,1,1,[],[],[]
561,Miya Warner,Miya,Warner,Miya.Warner@example.com,204-288-1980,Los Angeles,USA,0,0,1,"[66, 231]",[],[]
562,Marjorie Morrison,Marjorie,Morrison,Marjorie.Morrison@example.com,642-203-8931,San Francisco,USA,1,0,0,[],[110],[]
563,Safaa Sharpe,Safaa,Sharpe,Safaa.Sharpe@example.com,648-955-3738,San Francisco,USA,0,0,1,"[433, 372]",[],[]
564,Craig Mcknight,Craig,Mcknight,Craig.Mcknight@example.com,634-813-9351,Chicago,USA,1,0,1,[271],[],[6]
565,Alice Huber,Alice,Huber,Alice.Huber@example.com,190-538-3053,Chicago,USA,0,0,1,[],[],[]
566,Cruz Neal,Cruz,Neal,Cruz.Neal@example.com,732-513-2567,Chicago,USA,0,0,1,[],[220],[]
567,Macy King,Macy,King,Macy.King@example.com,475-826-7209,Montreal,Canada,1,0,0,[],[],[]
568,Zaki Mcpherson,Zaki,Mcpherson,Zaki.Mcpherson@example.com,344-278-2013,San Francisco,USA,1,0,1,[61],[],[99]
569,Magnus Mcneil,Magnus,Mcneil,Magnus.Mcneil@example.com,125-993-7660,San Francisco,USA,0,1,1,[],[],[]
570,Vinnie Schwartz,Vinnie,Schwartz,Vinnie.Schwartz@example.com,790-948-7013,San Diego,USA,0,0,1,[],"[11, 30, 39]",[]
571,Keelan Thompson,Keelan,Thompson,Keelan.Thompson@example.com,254-156-9308,San Francisco,USA,0,1,1,[5],"[2, 309]",[]
572,Davina O'Doherty,Davina,O'Doherty,Davina.O'Doherty@example.com,330-649-8079,New York,USA,1,0,1,[],[],[]
573,Arron Herman,Arron,Herman,Arron.Herman@example.com,999-222-5375,San Diego,USA,0,0,1,[],[382],[]
574,Kevin Sherman,Kevin,Sherman,Kevin.Sherman@example.com,185-617-6120,Barcelona,Spain,0,1,0,[],[],[]
575,Casper Padilla,Casper,Padilla,Casper.Padilla@example.com,823-261-2968,San Francisco,USA,1,1,0,[114],[],[]
576,David Mcconnell,David,Mcconnell,David.Mcconnell@example.com,967-585-7262,San Francisco,USA,0,1,0,[],[],[]
577,Yasin Rogers,Yasin,Rogers,Yasin.Rogers@example.com,416-776-3422,San Diego,USA,0,1,0,[],[],[145]
578,Demi Callahan,Demi,Callahan,Demi.Callahan@example.com,713-176-8275,Toronto,Canada,1,0,0,[],[411],[]
579,Sufyaan Castillo,Sufyaan,Castillo,Sufyaan.Castillo@example.com,412-479-8766,Montreal,Canada,1,0,1,[426],[],[]
580,Aayan Donovan,Aayan,Donovan,Aayan.Donovan@example.com,476-401-9860,Paris,France,1,0,1,[],[],[]
581,Kamal Gates,Kamal,Gates,Kamal.Gates@example.com,622-660-1036,Chicago,USA,1,0,0,[],[],[]
582,Yusra Norman,Yusra,Norman,Yusra.Norman@example.com,945-940-4995,Los Angeles,USA,1,0,1,[],[192],[]
583,Bryony Stevens,Bryony,Stevens,Bryony.Stevens@example.com,537-447-5075,New York,USA,0,0,1,[],[210],[]
584,Darcy Jenkins,Darcy,Jenkins,Darcy.Jenkins@example.com,705-890-7715,Los Angeles,USA,0,1,0,[],[],[114]
585,Sufyan Guzman,Sufyan,Guzman,Sufyan.Guzman@example.com,125-583-6823,Montreal,Canada,0,1,1,[],[],[]
586,Casey Finley,Casey,Finley,Casey.Finley@example.com,306-893-4689,London,United Kingdom,1,1,1,[],[],[]
587,Alina Odom,Alina,Odom,Alina.Odom@example.com,737-828-4041,Chicago,USA,1,1,1,[],[],[]
588,Miranda Cain,Miranda,Cain,Miranda.Cain@example.com,377-263-6278,Los Angeles,USA,0,0,1,[32],[],[]
589,Omari Gibbs,Omari,Gibbs,Omari.Gibbs@example.com,524-749-7401,San Diego,USA,0,0,1,[],[],[]
590,Susannah Kane,Susannah,Kane,Susannah.Kane@example.com,172-773-1455,New York,USA,1,1,1,[],[310],[]
591,Annalise Stephens,Annalise,Stephens,Annalise.Stephens@example.com,853-224-1381,Toronto,Canada,0,1,1,[],[],[]
592,Jamil Shepherd,Jamil,Shepherd,Jamil.Shepherd@example.com,298-276-5058,Toronto,Canada,1,1,1,"[305, 363]",[319],[]
593,Danyal Lang,Danyal,Lang,Danyal.Lang@example.com,629-875-4423,Toronto,Canada,0,1,1,"[195, 366]",[453],[]
594,Barry Reilly,Barry,Reilly,Barry.Reilly@example.com,117-863-9669,Montreal,Canada,0,0,1,[],[],[]
595,Archie Gregory,Archie,Gregory,Archie.Gregory@example.com,945-301-2904,San Diego,USA,1,0,1,"[251, 212]",[],[]
596,Hajra Baxter,Hajra,Baxter,Hajra.Baxter@example.com,600-542-2254,San Francisco,USA,1,0,0,[],[],[]
597,Earl Fowler,Earl,Fowler,Earl.Fowler@example.com,648-268-9331,Los Angeles,USA,1,1,0,[],[],[]
598,Monica Bruce,Monica,Bruce,Monica.Bruce@example.com,302-368-5572,Los Angeles,USA,0,1,0,"[404, 205]",[],[]
599,Astrid Delgado,Astrid,Delgado,Astrid.Delgado@example.com,641-317-3741,London,United Kingdom,1,1,1,[],[],[]
600,Bill Jacobs,Bill,Jacobs,Bill.Jacobs@example.com,279-704-9018,San Francisco,USA,1,0,0,[137],[],[]
601,Rio Pennington,Rio,Pennington,Rio.Pennington@example.com,473-123-1959,New York,USA,1,1,1,[],"[384, 365]",[]
602,Jazmin Lopez,Jazmin,Lopez,Jazmin.Lopez@example.com,116-866-3838,Los Angeles,USA,1,1,1,[293],[],[27]
603,Bilal Shaffer,Bilal,Shaffer,Bilal.Shaffer@example.com,308-774-7278,San Diego,USA,0,0,1,[221],[],[]
604,Elisha Cobb,Elisha,Cobb,Elisha.Cobb@example.com,821-536-1739,San Francisco,USA,0,1,0,[],[],[]
605,Earl Hobbs,Earl,Hobbs,Earl.Hobbs@example.com,916-866-7237,New York,USA,0,0,1,[69],[],[]
606,Bertha Walsh,Bertha,Walsh,Bertha.Walsh@example.com,129-506-2067,London,United Kingdom,1,1,0,[],[],[]
607,Bibi Roberts,Bibi,Roberts,Bibi.Roberts@example.com,631-796-8801,New York,USA,1,0,0,"[161, 172, 521]",[],[]
608,Rishi Barron,Rishi,Barron,Rishi.Barron@example.com,331-128-4346,Montreal,Canada,1,1,1,[],[],[]
609,Taylor Leon,Taylor,Leon,Taylor.Leon@example.com,857-418-9149,Paris,France,1,0,0,[],[437],[]
610,Keira Herman,Keira,Herman,Keira.Herman@example.com,607-258-2059,Los Angeles,USA,1,0,0,[],[],[]
611,Omari Richmond,Omari,Richmond,Omari.Richmond@example.com,921-179-3270,San Diego,USA,0,0,1,[],[],[]
612,Rabia Parsons,Rabia,Parsons,Rabia.Parsons@example.com,244-470-8381,Montreal,Canada,1,0,0,[],[],[]
613,Larissa Perez,Larissa,Perez,Larissa.Perez@example.com,742-168-6071,London,United Kingdom,1,0,1,[],[],[]
614,Ibrahim Robertson,Ibrahim,Robertson,Ibrahim.Robertson@example.com,603-299-3596,Barcelona,Spain,1,1,1,[],[],[]
615,Katelyn Collins,Katelyn,Collins,Katelyn.Collins@example.com,878-870-9506,San Diego,USA,1,0,0,"[234, 100]",[],[67]
616,Jerry Whitney,Jerry,Whitney,Jerry.Whitney@example.com,990-444-7435,San Francisco,USA,0,1,1,[],[],[]
617,Beau Duran,Beau,Duran,Beau.Duran@example.com,797-203-1866,New York,USA,1,1,0,[],[161],[]
618,Janet Hughes,Janet,Hughes,Janet.Hughes@example.com,194-769-6265,Los Angeles,USA,0,1,0,[],[],[]
619,Ria Ponce,Ria,Ponce,Ria.Ponce@example.com,547-111-1151,Chicago,USA,0,1,0,[],[],[]
620,Neo Lara,Neo,Lara,Neo.Lara@example.com,276-319-4768,Toronto,Canada,1,1,0,"[417, 164]","[170, 414]",[]
621,Kiana Carter,Kiana,Carter,Kiana.Carter@example.com,219-142-7516,San Diego,USA,0,1,0,[133],[460],[]
622,Alexa Baird,Alexa,Baird,Alexa.Baird@example.com,604-771-4056,San Francisco,USA,0,1,0,[],[],[]
623,Ronald Estes,Ronald,Estes,Ronald.Estes@example.com,328-873-2183,Chicago,USA,0,1,0,[],[],[]
624,Nia Adams,Nia,Adams,Nia.Adams@example.com,520-550-1148,San Diego,USA,1,1,1,[253],[],[58]
625,Diane Kelly,Diane,Kelly,Diane.Kelly@example.com,219-449-5089,Montreal,Canada,1,1,0,[],[405],[]
626,Phoenix Chapman,Phoenix,Chapman,Phoenix.Chapman@example.com,791-853-6464,Los Angeles,USA,1,1,1,[],[],[115]
627,Everly Key,Everly,Key,Everly.Key@example.com,152-557-5017,New York,USA,0,1,0,[],[],[]
628,Nancy Stuart,Nancy,Stuart,Nancy.Stuart@example.com,301-686-1705,Paris,France,0,1,0,[],[],[]
629,Mae Castro,Mae,Castro,Mae.Castro@example.com,714-485-2518,San Francisco,USA,0,1,1,[],[73],[]
630,Harold Sharpe,Harold,Sharpe,Harold.Sharpe@example.com,646-622-1082,New York,USA,1,0,1,[],[157],[]
631,Brooklyn Fowler,Brooklyn,Fowler,Brooklyn.Fowler@example.com,933-501-9509,San Francisco,USA,1,1,1,[],"[294, 278]",[]
632,Enya Chen,Enya,Chen,Enya.Chen@example.com,266-343-6530,Los Angeles,USA,1,1,0,[],[],[]
633,Luisa Fisher,Luisa,Fisher,Luisa.Fisher@example.com,510-167-1940,San Diego,USA,0,1,0,[],[],[]
634,Elodie Flores,Elodie,Flores,Elodie.Flores@example.com,565-243-9336,San Francisco,USA,1,0,1,[],[],[]
635,Hazel Yoder,Hazel,Yoder,Hazel.Yoder@example.com,839-203-3903,London,United Kingdom,1,0,0,[],[],[]
636,Amber Gonzalez,Amber,Gonzalez,Amber.Gonzalez@example.com,884-628-1984,London,United Kingdom,0,0,1,[],[],[]
637,Juliet Buck,Juliet,Buck,Juliet.Buck@example.com,499-242-5191,San Francisco,USA,1,1,0,[],[],[]
638,Jamie Berg,Jamie,Berg,Jamie.Berg@example.com,397-515-6866,Los Angeles,USA,0,0,1,[],[333],[]
639,Stella Wilkinson,Stella,Wilkinson,Stella.Wilkinson@example.com,145-501-4975,Los Angeles,USA,1,1,0,[],[],[98]
640,Nadia Wyatt,Nadia,Wyatt,Nadia.Wyatt@example.com,277-573-9871,San Diego,USA,1,1,1,[94],[54],[]
641,Kacie Morse,Kacie,Morse,Kacie.Morse@example.com,108-917-7237,Toronto,Canada,1,1,1,[],[193],[]
642,Seth Walter,Seth,Walter,Seth.Walter@example.com,988-932-7592,London,United Kingdom,0,1,0,[],[],[]
643,Lauren Ashley,Lauren,Ashley,Lauren.Ashley@example.com,564-133-8260,London,United Kingdom,0,1,1,[],[],[]
644,Wilfred Michael,Wilfred,Michael,Wilfred.Michael@example.com,632-902-2453,Chicago,USA,0,1,0,[],[],[]
645,Gary Richards,Gary,Richards,Gary.Richards@example.com,970-902-7934,Toronto,Canada,1,1,0,[],[],[]
646,Brittney Ruiz,Brittney,Ruiz,Brittney.Ruiz@example.com,259-940-6592,San Francisco,USA,0,1,1,[],"[248, 397]",[]
647,Jaxson Moss,Jaxson,Moss,Jaxson.Moss@example.com,499-701-5813,San Francisco,USA,1,1,0,"[428, 302]",[],[]
648,Luna Levy,Luna,Levy,Luna.Levy@example.com,855-484-1981,San Francisco,USA,1,1,1,"[64, 422, 287]",[],[]
649,Zaynah Wong,Zaynah,Wong,Zaynah.Wong@example.com,597-835-8978,Paris,France,1,1,0,[],[],[]
650,Cormac Greer,Cormac,Greer,Cormac.Greer@example.com,722-120-7628,Paris,France,0,1,1,[],[],[]
651,Jamil Maldonado,Jamil,Maldonado,Jamil.Maldonado@example.com,424-799-2220,New York,USA,1,0,1,[],[],[]
652,Dillon Johnston,Dillon,Johnston,Dillon.Johnston@example.com,732-904-7872,New York,USA,0,0,1,[],[],[]
653,Lilli Bowman,Lilli,Bowman,Lilli.Bowman@example.com,551-867-4367,New York,USA,0,1,0,[],[],[101]
654,Dexter Hartley,Dexter,Hartley,Dexter.Hartley@example.com,582-489-4208,San Diego,USA,0,1,0,[],[],[]
655,Hari Everett,Hari,Everett,Hari.Everett@example.com,487-669-8884,San Francisco,USA,0,1,1,[191],[],[]
656,Tomos Velez,Tomos,Velez,Tomos.Velez@example.com,233-661-3978,Los Angeles,USA,1,0,1,[93],[390],[]
657,Abu Delacruz,Abu,Delacruz,Abu.Delacruz@example.com,401-411-2184,New York,USA,1,1,0,[506],[],[]
658,Syeda Calhoun,Syeda,Calhoun,Syeda.Calhoun@example.com,738-680-1717,Chicago,USA,0,0,1,[469],[],[]
659,Oliwier Gill,Oliwier,Gill,Oliwier.Gill@example.com,902-175-4864,San Diego,USA,1,1,1,[],[261],[]
660,Zayn Kaufman,Zayn,Kaufman,Zayn.Kaufman@example.com,893-890-8415,Chicago,USA,0,1,1,"[176, 283]",[126],[]
661,Vera Walker,Vera,Walker,Vera.Walker@example.com,516-811-2158,London,United Kingdom,0,1,1,[],[],[]
662,Anthony Mccullough,Anthony,Mccullough,Anthony.Mccullough@example.com,330-176-2600,Chicago,USA,0,0,1,[],"[256, 388]",[]
663,Rowan Acevedo,Rowan,Acevedo,Rowan.Acevedo@example.com,223-620-9032,Los Angeles,USA,0,1,1,[],[113],[]
664,Zara Oconnell,Zara,Oconnell,Zara.Oconnell@example.com,543-537-6044,Toronto,Canada,1,0,0,[298],[],[]
665,Lucia Cisneros,Lucia,Cisneros,Lucia.Cisneros@example.com,470-574-7167,San Francisco,USA,1,1,1,[],[],[]
666,Julius Donnelly,Julius,Donnelly,Julius.Donnelly@example.com,733-325-2658,San Francisco,USA,1,0,1,[],[],[]
667,Theresa Bentley,Theresa,Bentley,Theresa.Bentley@example.com,553-407-1049,San Francisco,USA,1,0,0,[],[296],"[29, 63]"
668,Joshua Bonner,Joshua,Bonner,Joshua.Bonner@example.com,550-710-1849,San Francisco,USA,0,0,1,[386],[],[]
669,Abdirahman Marsh,Abdirahman,Marsh,Abdirahman.Marsh@example.com,653-601-4374,Toronto,Canada,0,1,0,[],[],[]
670,Jacob Patton,Jacob,Patton,Jacob.Patton@example.com,914-260-3945,San Diego,USA,1,1,1,[96],[],[]
671,Alexander Terry,Alexander,Terry,Alexander.Terry@example.com,480-560-1876,New York,USA,1,1,1,[],"[500, 71]",[80]
672,Kane Huff,Kane,Huff,Kane.Huff@example.com,417-611-9319,Chicago,USA,0,0,1,[102],[],[]
673,Sapphire Hatfield,Sapphire,Hatfield,Sapphire.Hatfield@example.com,564-357-3504,San Francisco,USA,1,1,1,[],[],[]
674,Mahir Cooper,Mahir,Cooper,Mahir.Cooper@example.com,829-570-7880,San Francisco,USA,0,0,1,[333],[111],[]
675,Tom Tapia,Tom,Tapia,Tom.Tapia@example.com,439-227-1780,Chicago,USA,0,0,1,[],[],[]
676,Oliwia Harvey,Oliwia,Harvey,Oliwia.Harvey@example.com,143-701-8741,San Francisco,USA,0,0,1,"[216, 25]",[],[]
677,Kelvin Hendricks,Kelvin,Hendricks,Kelvin.Hendricks@example.com,767-726-4455,San Diego,USA,1,0,0,[268],[],[]
678,Mustafa Mason,Mustafa,Mason,Mustafa.Mason@example.com,866-179-9539,Los Angeles,USA,0,1,0,[],"[138, 6]",[]
679,Gabriela Norton,Gabriela,Norton,Gabriela.Norton@example.com,138-968-6467,Chicago,USA,1,0,0,[],[],[]
680,Esha Zuniga,Esha,Zuniga,Esha.Zuniga@example.com,807-517-9078,Los Angeles,USA,0,1,1,[471],[],[]
681,Lucas Burke,Lucas,Burke,Lucas.Burke@example.com,321-512-2703,Toronto,Canada,0,1,1,[],[],[]
682,Laura Valdez,Laura,Valdez,Laura.Valdez@example.com,766-901-1157,Los Angeles,USA,1,1,1,[187],"[297, 524]",[]
683,Irene Kim,Irene,Kim,Irene.Kim@example.com,946-883-2145,San Francisco,USA,0,1,0,[112],[334],[]
684,Raheem Ellis,Raheem,Ellis,Raheem.Ellis@example.com,491-961-7709,Chicago,USA,0,1,1,[],[],[]
685,Lisa Mcclain,Lisa,Mcclain,Lisa.Mcclain@example.com,518-968-9659,New York,USA,1,0,0,[],[249],[]
686,Mohamed Miller,Mohamed,Miller,Mohamed.Miller@example.com,883-481-7339,San Diego,USA,1,1,1,[],"[16, 299]",[48]
687,Thea Suarez,Thea,Suarez,Thea.Suarez@example.com,647-211-7337,Toronto,Canada,1,1,1,[],[160],[]
688,Leighton Crane,Leighton,Crane,Leighton.Crane@example.com,372-753-5586,Los Angeles,USA,0,0,1,[],[],[]
689,Kayla Jones,Kayla,Jones,Kayla.Jones@example.com,579-756-1305,London,United Kingdom,1,1,0,[],[],[]
690,Jessie Noble,Jessie,Noble,Jessie.Noble@example.com,557-354-5286,San Francisco,USA,0,1,0,[],[],[]
691,Brett Landry,Brett,Landry,Brett.Landry@example.com,213-171-7560,Barcelona,Spain,0,1,0,[],[],[]
692,Azaan Barker,Azaan,Barker,Azaan.Barker@example.com,326-267-7811,New York,USA,1,1,1,[],[],[44]
693,Jayden Dunlap,Jayden,Dunlap,Jayden.Dunlap@example.com,626-458-8110,New York,USA,1,1,0,[353],[],"[25, 125]"
694,Richard Pope,Richard,Pope,Richard.Pope@example.com,216-184-3684,Los Angeles,USA,1,1,1,[136],[],[]
695,Xander Levine,Xander,Levine,Xander.Levine@example.com,790-969-1579,Toronto,Canada,0,1,1,[],[227],[]
696,Anais Pineda,Anais,Pineda,Anais.Pineda@example.com,609-304-3412,New York,USA,1,0,0,[],[337],[]
697,Donald Horne,Donald,Horne,Donald.Horne@example.com,738-911-3567,San Francisco,USA,1,1,0,[336],[482],[52]
698,Arjun Dejesus,Arjun,Dejesus,Arjun.Dejesus@example.com,693-790-8692,Chicago,USA,0,1,0,[],[],[]
699,Jonathan Klein,Jonathan,Klein,Jonathan.Klein@example.com,495-419-4637,Los Angeles,USA,0,0,1,[],[12],[]
700,Dante Burgess,Dante,Burgess,Dante.Burgess@example.com,222-241-4261,San Diego,USA,1,0,1,[],[],[]
701,Tamsin Stein,Tamsin,Stein,Tamsin.Stein@example.com,953-386-1321,Los Angeles,USA,1,1,0,[],[307],[33]
702,Brayden Patrick,Brayden,Patrick,Brayden.Patrick@example.com,173-881-1582,Los Angeles,USA,1,0,1,[],[],[88]
703,Wade Hancock,Wade,Hancock,Wade.Hancock@example.com,245-455-9119,London,United Kingdom,1,1,1,[],[],[]
704,Nicholas Thomson,Nicholas,Thomson,Nicholas.Thomson@example.com,936-615-3052,Toronto,Canada,0,1,0,[],[],[]
705,Vincent Garrison,Vincent,Garrison,Vincent.Garrison@example.com,598-173-8153,Chicago,USA,0,1,0,"[281, 303]",[],[127]
706,Elisha Garza,Elisha,Garza,Elisha.Garza@example.com,313-206-2033,Los Angeles,USA,1,1,1,"[252, 14]","[272, 364]","[68, 141]"
707,Muhammad Henry,Muhammad,Henry,Muhammad.Henry@example.com,298-612-6847,Paris,France,1,1,1,[],[],[]
708,Enzo Whitney,Enzo,Whitney,Enzo.Whitney@example.com,565-709-5636,Chicago,USA,1,1,1,[126],[],[]
709,Stacey Daniel,Stacey,Daniel,Stacey.Daniel@example.com,246-819-8817,San Diego,USA,1,0,0,[],[],[]
710,Candice Moyer,Candice,Moyer,Candice.Moyer@example.com,964-229-5609,San Francisco,USA,1,1,0,[],"[306, 212, 438]",[]
711,Calvin Tucker,Calvin,Tucker,Calvin.Tucker@example.com,338-784-4359,San Diego,USA,0,1,0,[],[],[]
712,Bronte Mendoza,Bronte,Mendoza,Bronte.Mendoza@example.com,323-783-6615,Toronto,Canada,1,1,0,[],"[209, 355, 228, 491]",[]
713,Ameer Orr,Ameer,Orr,Ameer.Orr@example.com,993-387-9130,Chicago,USA,1,0,1,[],[122],[]
714,Isla Barber,Isla,Barber,Isla.Barber@example.com,860-505-2643,Toronto,Canada,0,1,0,[276],[427],[]
715,Oliver Garner,Oliver,Garner,Oliver.Garner@example.com,937-976-2511,Paris,France,0,1,1,[],[],[]
716,Barnaby Wagner,Barnaby,Wagner,Barnaby.Wagner@example.com,974-500-4168,Montreal,Canada,0,0,1,[],[],[]
717,Barry Taylor,Barry,Taylor,Barry.Taylor@example.com,999-341-2797,San Francisco,USA,0,0,1,[],[350],[]
718,Esme Reeves,Esme,Reeves,Esme.Reeves@example.com,151-285-9583,Chicago,USA,0,0,1,[122],[244],[]
719,Marnie White,Marnie,White,Marnie.White@example.com,267-434-1395,San Francisco,USA,1,0,0,[28],[304],[]
720,Giovanni Duncan,Giovanni,Duncan,Giovanni.Duncan@example.com,679-161-6360,New York,USA,0,1,1,[407],[],[]
721,Hannah Roman,Hannah,Roman,Hannah.Roman@example.com,331-750-4621,London,United Kingdom,0,1,0,[],[],[]
722,Nannie Hunt,Nannie,Hunt,Nannie.Hunt@example.com,290-190-1157,Chicago,USA,1,0,1,[],"[202, 159]",[]
723,Yash Mcleod,Yash,Mcleod,Yash.Mcleod@example.com,270-525-3291,London,United Kingdom,1,0,0,[],[],[]
724,Mae Barry,Mae,Barry,Mae.Barry@example.com,501-577-5306,London,United Kingdom,0,1,0,[],[],[]
725,Dylan York,Dylan,York,Dylan.York@example.com,832-799-7454,Chicago,USA,0,1,0,[],[],[]
726,Aya Weeks,Aya,Weeks,Aya.Weeks@example.com,466-888-7144,Toronto,Canada,1,1,0,[],[],[]
727,Dawn Cisneros,Dawn,Cisneros,Dawn.Cisneros@example.com,375-337-2745,Toronto,Canada,0,0,1,[],[],[]
728,Rohan Figueroa,Rohan,Figueroa,Rohan.Figueroa@example.com,542-617-7442,New York,USA,1,0,0,[],[],[]
729,Abigail Medina,Abigail,Medina,Abigail.Medina@example.com,857-602-1192,London,United Kingdom,1,0,1,[],[],[]
730,Rhodri Haley,Rhodri,Haley,Rhodri.Haley@example.com,574-869-4715,London,United Kingdom,0,1,0,[],[],[]
731,Denzel Black,Denzel,Black,Denzel.Black@example.com,677-290-8939,San Francisco,USA,1,0,1,[],[440],[]
732,Sienna Howard,Sienna,Howard,Sienna.Howard@example.com,835-486-5256,Los Angeles,USA,0,0,1,[],[],[]
733,Fahad Gill,Fahad,Gill,Fahad.Gill@example.com,796-816-9963,Chicago,USA,1,1,0,[],[],[116]
734,Harun Clark,Harun,Clark,Harun.Clark@example.com,853-267-3048,San Francisco,USA,1,0,0,[],[470],[]
735,Shane Wheeler,Shane,Wheeler,Shane.Wheeler@example.com,315-892-7127,Los Angeles,USA,1,1,0,[1],[84],[23]
736,Chantelle Holt,Chantelle,Holt,Chantelle.Holt@example.com,256-585-1002,Paris,France,1,0,1,[],[],[]
737,Kiara Bell,Kiara,Bell,Kiara.Bell@example.com,614-291-6530,San Francisco,USA,1,1,0,"[2, 131]",[],[]
738,Gertrude Mcgrath,Gertrude,Mcgrath,Gertrude.Mcgrath@example.com,364-150-1035,Toronto,Canada,1,1,0,[394],[300],[]
739,Lewis Brooks,Lewis,Brooks,Lewis.Brooks@example.com,737-205-4525,New York,USA,0,1,1,[],"[361, 178]",[]
740,Khalid Burke,Khalid,Burke,Khalid.Burke@example.com,973-766-4810,Chicago,USA,0,1,0,[],[],[]
741,Millicent Solomon,Millicent,Solomon,Millicent.Solomon@example.com,597-434-8108,Paris,France,0,1,1,[],[],[]
742,Kieran Hoover,Kieran,Hoover,Kieran.Hoover@example.com,101-165-2021,New York,USA,1,0,1,[],[],[20]
743,Wendy Mcclure,Wendy,Mcclure,Wendy.Mcclure@example.com,830-402-9784,San Diego,USA,1,0,0,[78],[433],[]
744,Haydn Ramos,Haydn,Ramos,Haydn.Ramos@example.com,354-376-9233,Los Angeles,USA,1,1,0,[],[],[]
745,Nettie Bryan,Nettie,Bryan,Nettie.Bryan@example.com,274-274-8873,Chicago,USA,0,0,1,[],[],[]
746,Isabelle Jenkins,Isabelle,Jenkins,Isabelle.Jenkins@example.com,724-444-3001,San Diego,USA,1,1,0,[],[285],[126]
747,Tia Ali,Tia,Ali,Tia.Ali@example.com,507-663-5326,San Francisco,USA,1,0,0,[75],[],[]
748,Montgomery Davila,Montgomery,Davila,Montgomery.Davila@example.com,267-999-7224,New York,USA,1,0,1,[361],"[109, 374]",[]
749,Tobias Beltran,Tobias,Beltran,Tobias.Beltran@example.com,598-751-1029,Chicago,USA,0,1,1,"[297, 174, 342]","[97, 218]",[]
750,Yusuf Dickerson,Yusuf,Dickerson,Yusuf.Dickerson@example.com,502-896-9441,San Francisco,USA,1,0,0,[],[],[]
751,Holly Dillon,Holly,Dillon,Holly.Dillon@example.com,662-944-2078,San Diego,USA,0,0,1,[],[17],[]
752,Marwa Dennis,Marwa,Dennis,Marwa.Dennis@example.com,444-295-8051,Chicago,USA,0,1,0,[],[413],[10]
753,Anais Ball,Anais,Ball,Anais.Ball@example.com,802-416-6545,San Diego,USA,0,1,1,[214],[],[]
754,Adem Kerr,Adem,Kerr,Adem.Kerr@example.com,219-873-6077,Toronto,Canada,0,1,0,[],[396],[]
755,Amie Hood,Amie,Hood,Amie.Hood@example.com,659-426-4878,Los Angeles,USA,1,0,0,[],[125],[]
756,Herbie Huber,Herbie,Huber,Herbie.Huber@example.com,562-925-1087,New York,USA,1,1,0,"[157, 127]",[],[]
757,Bill Andersen,Bill,Andersen,Bill.Andersen@example.com,962-770-1270,Toronto,Canada,1,1,0,[],[],[]
758,Halima Maldonado,Halima,Maldonado,Halima.Maldonado@example.com,831-743-6220,San Francisco,USA,1,1,0,[],"[345, 260]",[]
759,Martina Steele,Martina,Steele,Martina.Steele@example.com,349-841-5113,Paris,France,0,0,1,[],[],[]
760,Bertie Cobb,Bertie,Cobb,Bertie.Cobb@example.com,171-373-6091,San Francisco,USA,0,0,1,[],[],[]
761,Gordon Morales,Gordon,Morales,Gordon.Morales@example.com,973-462-1199,Chicago,USA,1,0,1,[],[],[]
762,Frederick Everett,Frederick,Everett,Frederick.Everett@example.com,262-696-7077,San Francisco,USA,1,0,1,[],[],[]
763,Huda Crane,Huda,Crane,Huda.Crane@example.com,243-321-6881,Toronto,Canada,1,0,1,[402],[],[]
764,Cecily Escobar,Cecily,Escobar,Cecily.Escobar@example.com,840-532-1467,New York,USA,0,0,1,"[512, 429]",[275],[]
765,Amir Blackwell,Amir,Blackwell,Amir.Blackwell@example.com,291-386-7567,San Francisco,USA,0,0,1,[118],[],[]
766,Sasha Berger,Sasha,Berger,Sasha.Berger@example.com,492-295-4570,London,United Kingdom,1,0,0,[],[],[]
767,Lina Trujillo,Lina,Trujillo,Lina.Trujillo@example.com,351-538-5203,San Francisco,USA,0,0,1,[],[],[]
768,Caleb Obrien,Caleb,Obrien,Caleb.Obrien@example.com,223-387-1014,Toronto,Canada,1,1,0,[],[348],[]
769,Marilyn Scott,Marilyn,Scott,Marilyn.Scott@example.com,360-359-2274,San Francisco,USA,1,1,1,[],"[456, 277, 422, 175]",[]
770,Jannat Landry,Jannat,Landry,Jannat.Landry@example.com,754-634-9309,Los Angeles,USA,1,1,1,[110],[293],[]
771,Kristen Curry,Kristen,Curry,Kristen.Curry@example.com,473-371-9332,San Francisco,USA,0,0,1,[],[],[]
772,Rajan Dickson,Rajan,Dickson,Rajan.Dickson@example.com,372-775-6929,San Diego,USA,1,0,0,[485],[],[]
773,Luqman Larson,Luqman,Larson,Luqman.Larson@example.com,100-329-7363,San Francisco,USA,1,1,0,"[382, 278]",[471],[]
774,Bryan Powell,Bryan,Powell,Bryan.Powell@example.com,235-538-4936,San Francisco,USA,1,0,0,[],[],[]
775,Haider Lynn,Haider,Lynn,Haider.Lynn@example.com,796-196-9713,San Francisco,USA,0,0,1,[],[],[]
776,Jennie Freeman,Jennie,Freeman,Jennie.Freeman@example.com,396-732-6980,Chicago,USA,0,0,1,[],[],[]
777,Mohsin Conley,Mohsin,Conley,Mohsin.Conley@example.com,979-201-3101,San Francisco,USA,1,0,0,[],[],[]
778,Willow Buck,Willow,Buck,Willow.Buck@example.com,472-603-6198,San Francisco,USA,1,1,1,[261],[],[]
779,Krish Hutchinson,Krish,Hutchinson,Krish.Hutchinson@example.com,405-788-7051,London,United Kingdom,1,1,1,[],[467],[]
780,Madeline Mann,Madeline,Mann,Madeline.Mann@example.com,441-188-5776,New York,USA,0,1,0,[],[],[]
781,Mari Phillips,Mari,Phillips,Mari.Phillips@example.com,301-646-5827,Los Angeles,USA,0,1,1,[],[56],[]
782,Paula West,Paula,West,Paula.West@example.com,345-217-2266,London,United Kingdom,0,1,0,[],[],[]
783,Saira Lewis,Saira,Lewis,Saira.Lewis@example.com,921-562-9790,New York,USA,0,1,0,[],"[376, 512]",[]
784,Tiana Decker,Tiana,Decker,Tiana.Decker@example.com,255-136-3687,London,United Kingdom,0,1,1,[],[],[]
785,Kara Shelton,Kara,Shelton,Kara.Shelton@example.com,837-651-6819,Paris,France,1,1,1,[],[],[]
786,Earl Vargas,Earl,Vargas,Earl.Vargas@example.com,821-464-7474,San Francisco,USA,0,0,1,[],[80],[]
787,Delilah Wu,Delilah,Wu,Delilah.Wu@example.com,668-572-6520,Los Angeles,USA,0,1,0,[],[],[]
788,Ted Eaton,Ted,Eaton,Ted.Eaton@example.com,534-915-3617,Paris,France,0,0,1,[],[],[]
789,Lloyd Wise,Lloyd,Wise,Lloyd.Wise@example.com,521-580-3829,San Francisco,USA,0,1,0,[],[],[]
790,Alex Alexander,Alex,Alexander,Alex.Alexander@example.com,489-290-8290,San Francisco,USA,1,1,0,[],[],[]
791,Aoife Davidson,Aoife,Davidson,Aoife.Davidson@example.com,628-333-9139,London,United Kingdom,1,0,0,[492],[],[]
792,Emilie Frye,Emilie,Frye,Emilie.Frye@example.com,193-516-9014,San Francisco,USA,0,1,0,[],[317],[]
793,Elif Hopkins,Elif,Hopkins,Elif.Hopkins@example.com,953-491-9939,New York,USA,0,1,0,[],[],[]
794,Hazel Watson,Hazel,Watson,Hazel.Watson@example.com,349-725-3565,New York,USA,1,0,1,[],[],[]
795,Jonathan David,Jonathan,David,Jonathan.David@example.com,815-636-7913,San Francisco,USA,0,0,1,[],[],[]
796,Robbie Hardy,Robbie,Hardy,Robbie.Hardy@example.com,950-716-3630,Chicago,USA,1,0,0,"[258, 314]",[],[]
797,Lilian Strickland,Lilian,Strickland,Lilian.Strickland@example.com,925-438-1993,Toronto,Canada,1,0,1,[233],[],[]
798,Brenda Deleon,Brenda,Deleon,Brenda.Deleon@example.com,997-981-2043,Paris,France,0,1,0,[],[],[]
799,Richard Jones,Richard,Jones,Richard.Jones@example.com,478-814-3941,San Francisco,USA,0,1,1,[],[],[37]
800,Olivier Thornton,Olivier,Thornton,Olivier.Thornton@example.com,401-494-6634,Montreal,Canada,1,1,1,[],[507],[]
801,Gabriel Mccormick,Gabriel,Mccormick,Gabriel.Mccormick@example.com,903-845-9623,New York,USA,0,0,1,[],[455],[]
802,Eleni Maxwell,Eleni,Maxwell,Eleni.Maxwell@example.com,449-237-4755,San Diego,USA,1,0,0,[42],[377],[]
803,Susan Fowler,Susan,Fowler,Susan.Fowler@example.com,305-117-8580,San Diego,USA,1,1,0,[466],[],[]
804,Amin Petersen,Amin,Petersen,Amin.Petersen@example.com,680-177-1233,London,United Kingdom,0,0,1,[],[],[]
805,Gareth Sanford,Gareth,Sanford,Gareth.Sanford@example.com,161-842-7749,Chicago,USA,1,0,0,[],[],[]
806,Miriam Stuart,Miriam,Stuart,Miriam.Stuart@example.com,846-333-2100,Montreal,Canada,1,1,1,[],"[516, 215]",[]
807,Polly Mendez,Polly,Mendez,Polly.Mendez@example.com,916-453-8696,San Francisco,USA,1,1,0,[409],[166],[]
808,Omer Kemp,Omer,Kemp,Omer.Kemp@example.com,857-531-3045,San Francisco,USA,1,0,1,[],[],[]
809,Abdullahi Carson,Abdullahi,Carson,Abdullahi.Carson@example.com,632-547-8327,Toronto,Canada,1,1,1,[319],[],[]
810,Syed Mooney,Syed,Mooney,Syed.Mooney@example.com,348-929-4959,San Francisco,USA,0,1,1,[522],[79],[]
811,Dante Moon,Dante,Moon,Dante.Moon@example.com,285-551-6208,New York,USA,1,1,1,[],[222],[]
812,Saad Ali,Saad,Ali,Saad.Ali@example.com,185-189-3978,San Francisco,USA,0,1,0,[144],[],[]
813,Arthur Hebert,Arthur,Hebert,Arthur.Hebert@example.com,203-343-2956,New York,USA,1,0,0,"[59, 132]",[],[]
814,Demi Patel,Demi,Patel,Demi.Patel@example.com,703-829-8473,Los Angeles,USA,1,0,1,[],[22],[]
815,Aurora Andrews,Aurora,Andrews,Aurora.Andrews@example.com,353-307-2005,San Diego,USA,0,0,1,[43],[315],[]
816,Albie Larson,Albie,Larson,Albie.Larson@example.com,252-910-3152,Barcelona,Spain,1,1,0,[],[],[]
817,Renee Mullen,Renee,Mullen,Renee.Mullen@example.com,185-170-8307,San Diego,USA,1,0,1,[4],[389],[]
818,Alexander Reid,Alexander,Reid,Alexander.Reid@example.com,842-314-3728,Montreal,Canada,0,1,1,[],[461],[]
819,Dewey Lucas,Dewey,Lucas,Dewey.Lucas@example.com,323-234-9528,San Francisco,USA,0,1,0,[],[],[103]
820,Wilbur Hicks,Wilbur,Hicks,Wilbur.Hicks@example.com,979-216-9924,San Diego,USA,1,0,0,[],"[64, 28]",[]
821,Riley Fletcher,Riley,Fletcher,Riley.Fletcher@example.com,522-750-5985,London,United Kingdom,1,0,0,[],[],[]
822,Marissa Hayes,Marissa,Hayes,Marissa.Hayes@example.com,365-359-3043,San Francisco,USA,1,1,1,[],[],[]
823,Juliette Gordon,Juliette,Gordon,Juliette.Gordon@example.com,424-534-2837,Chicago,USA,1,0,1,[],[],[]
824,Dan Bates,Dan,Bates,Dan.Bates@example.com,944-189-5693,San Francisco,USA,0,0,1,[],[],[]
825,Chiara Ho,Chiara,Ho,Chiara.Ho@example.com,279-331-5254,Montreal,Canada,0,1,0,"[329, 405, 215]",[],[]
826,Sinead Montes,Sinead,Montes,Sinead.Montes@example.com,711-829-6800,New York,USA,1,0,0,[],[458],[]
827,Laurence Graves,Laurence,Graves,Laurence.Graves@example.com,609-435-5709,Los Angeles,USA,0,0,1,"[83, 438, 239]","[497, 67, 412]",[]
828,Nora Donaldson,Nora,Donaldson,Nora.Donaldson@example.com,414-618-5713,San Diego,USA,1,1,1,"[189, 519]",[],[]
829,Ismaeel Schmidt,Ismaeel,Schmidt,Ismaeel.Schmidt@example.com,110-478-3409,Los Angeles,USA,0,1,0,[151],[],[]
830,Adem Mccoy,Adem,Mccoy,Adem.Mccoy@example.com,885-779-4082,San Francisco,USA,1,1,1,"[147, 446, 334, 23]",[],[]
831,Angel Browning,Angel,Browning,Angel.Browning@example.com,768-205-1455,Los Angeles,USA,0,0,1,[145],[],[]
832,Mabel Foley,Mabel,Foley,Mabel.Foley@example.com,417-857-9143,New York,USA,0,0,1,[],[],[]
833,Hayley Montoya,Hayley,Montoya,Hayley.Montoya@example.com,672-566-6794,New York,USA,0,0,1,[],"[59, 172]",[]
834,Arnold Spencer,Arnold,Spencer,Arnold.Spencer@example.com,962-701-8237,San Francisco,USA,0,1,1,[],[],[]
835,Russell Carlson,Russell,Carlson,Russell.Carlson@example.com,635-758-7564,San Francisco,USA,1,0,1,[260],[289],[]
836,Sasha Ponce,Sasha,Ponce,Sasha.Ponce@example.com,746-650-5343,New York,USA,1,1,0,[121],[],[]
837,Izaak Welsh,Izaak,Welsh,Izaak.Welsh@example.com,280-473-9965,Los Angeles,USA,1,1,1,[444],[],[]
838,Aisha Sosa,Aisha,Sosa,Aisha.Sosa@example.com,964-448-9785,New York,USA,0,1,0,"[241, 370, 343]",[],[113]
839,Keeley Mills,Keeley,Mills,Keeley.Mills@example.com,123-972-2938,New York,USA,0,0,1,[],[],[]
840,Mason Kelley,Mason,Kelley,Mason.Kelley@example.com,185-970-1196,San Francisco,USA,1,0,1,[],[367],[]
841,Khalid Davies,Khalid,Davies,Khalid.Davies@example.com,191-582-9251,San Francisco,USA,0,0,1,[],[118],[]
842,Nancy Blair,Nancy,Blair,Nancy.Blair@example.com,434-174-7916,Toronto,Canada,0,1,1,[217],[],[]
843,Tiffany Griffith,Tiffany,Griffith,Tiffany.Griffith@example.com,201-302-5165,Paris,France,1,0,0,[],[],[]
844,Marnie Sheppard,Marnie,Sheppard,Marnie.Sheppard@example.com,576-261-4653,Los Angeles,USA,0,0,1,"[85, 430]",[],[]
845,Valerie Bright,Valerie,Bright,Valerie.Bright@example.com,838-333-3237,Los Angeles,USA,0,1,0,[],[],[]
846,John Mason,John,Mason,John.Mason@example.com,768-888-3211,San Diego,USA,1,0,1,"[138, 167]","[415, 103]",[]
847,Hamish Khan,Hamish,Khan,Hamish.Khan@example.com,609-154-4773,Los Angeles,USA,0,0,1,[],[],[]
848,Charis Bray,Charis,Bray,Charis.Bray@example.com,175-925-8526,Los Angeles,USA,1,0,1,"[105, 397, 487]",[],[]
849,Soraya Bradford,Soraya,Bradford,Soraya.Bradford@example.com,951-513-3667,Chicago,USA,0,0,1,[],[],[]
850,Taylor Woods,Taylor,Woods,Taylor.Woods@example.com,294-365-8364,Chicago,USA,1,1,1,"[292, 149, 351]",[],[5]
851,Eshal Carpenter,Eshal,Carpenter,Eshal.Carpenter@example.com,918-191-3394,Chicago,USA,1,0,1,[],[],[]
852,Evelyn Cross,Evelyn,Cross,Evelyn.Cross@example.com,312-643-8868,San Francisco,USA,0,1,0,[82],[29],[]
853,Chester Bell,Chester,Bell,Chester.Bell@example.com,501-541-1518,New York,USA,0,1,0,[],[],[]
854,Ffion Knight,Ffion,Knight,Ffion.Knight@example.com,233-159-4158,San Diego,USA,0,1,0,[],"[385, 135]",[0]
855,Yaseen Kennedy,Yaseen,Kennedy,Yaseen.Kennedy@example.com,778-172-1502,Chicago,USA,1,1,1,[],[],[131]
856,Maisie Cunningham,Maisie,Cunningham,Maisie.Cunningham@example.com,389-110-9784,Los Angeles,USA,0,1,1,[194],"[89, 327]",[]
857,Clementine Beck,Clementine,Beck,Clementine.Beck@example.com,607-793-6646,San Diego,USA,0,1,1,[],[221],[]
858,Simon Santiago,Simon,Santiago,Simon.Santiago@example.com,471-290-4198,Paris,France,1,0,1,[],[],[]
859,Sameer Watkins,Sameer,Watkins,Sameer.Watkins@example.com,982-313-9358,Montreal,Canada,0,0,1,[],[],[]
860,Anton Hartman,Anton,Hartman,Anton.Hartman@example.com,708-986-9234,London,United Kingdom,1,1,1,[],[],[]
861,Deacon Boone,Deacon,Boone,Deacon.Boone@example.com,950-335-6994,New York,USA,1,1,1,[],[141],[]
862,Alexandros Ryan,Alexandros,Ryan,Alexandros.Ryan@example.com,849-570-8792,Los Angeles,USA,1,1,1,[],[35],[39]
863,Mya Delgado,Mya,Delgado,Mya.Delgado@example.com,760-931-9269,London,United Kingdom,0,1,0,[],[],[]
864,Asia Holloway,Asia,Holloway,Asia.Holloway@example.com,512-876-7834,Los Angeles,USA,0,0,1,[139],[],[]
865,Christina Blanchard,Christina,Blanchard,Christina.Blanchard@example.com,420-887-3636,New York,USA,0,0,1,[286],[381],[]
866,Emelia Bridges,Emelia,Bridges,Emelia.Bridges@example.com,347-640-5509,San Diego,USA,1,0,1,[],[],[]
867,Ioan Harrington,Ioan,Harrington,Ioan.Harrington@example.com,803-120-2281,San Diego,USA,0,1,0,[232],[],[]
868,Cecilia David,Cecilia,David,Cecilia.David@example.com,919-925-5280,New York,USA,1,1,1,[],[286],[134]
869,Bibi Weaver,Bibi,Weaver,Bibi.Weaver@example.com,956-787-2725,Paris,France,1,1,0,[443],[],[]
870,Stacey Manning,Stacey,Manning,Stacey.Manning@example.com,981-952-6391,Los Angeles,USA,1,0,0,[9],"[312, 189]",[]
871,Ronnie Burch,Ronnie,Burch,Ronnie.Burch@example.com,184-620-1928,San Diego,USA,0,1,1,[],"[274, 14]",[]
872,Tomasz Baker,Tomasz,Baker,Tomasz.Baker@example.com,778-642-7614,Barcelona,Spain,1,0,1,[],[],[]
873,Luke Graham,Luke,Graham,Luke.Graham@example.com,132-159-2485,San Diego,USA,1,0,0,[],[339],[]
874,Alasdair Mckinney,Alasdair,Mckinney,Alasdair.Mckinney@example.com,608-300-8331,Montreal,Canada,1,0,1,"[488, 300, 295]",[238],[]
875,Cayden Walls,Cayden,Walls,Cayden.Walls@example.com,355-649-8007,San Francisco,USA,1,0,1,[],"[472, 185]",[]
876,Serena Lewis,Serena,Lewis,Serena.Lewis@example.com,730-187-7131,Montreal,Canada,1,1,1,[],[],[]
877,Drew Orozco,Drew,Orozco,Drew.Orozco@example.com,531-709-2553,San Diego,USA,0,1,0,"[219, 148]",[],[106]
878,Mateo Francis,Mateo,Francis,Mateo.Francis@example.com,508-390-8347,Los Angeles,USA,0,1,0,[],"[483, 419, 171, 60, 191]",[]
879,Lucy Fuentes,Lucy,Fuentes,Lucy.Fuentes@example.com,427-948-5524,New York,USA,1,0,1,"[337, 265, 197]","[129, 506]",[]
880,Pippa Harding,Pippa,Harding,Pippa.Harding@example.com,419-183-4778,Chicago,USA,0,0,1,[],[],[]
881,Kathleen Carter,Kathleen,Carter,Kathleen.Carter@example.com,210-798-9930,San Francisco,USA,0,1,0,[60],[180],[]
882,Josie Holt,Josie,Holt,Josie.Holt@example.com,745-483-6160,Los Angeles,USA,0,0,1,"[16, 211]",[49],[]
883,Daniela James,Daniela,James,Daniela.James@example.com,716-145-3987,San Francisco,USA,0,1,0,[223],[],[]
884,Randy Sparks,Randy,Sparks,Randy.Sparks@example.com,339-468-1078,New York,USA,0,1,0,[],[],[]
885,Omar Ashley,Omar,Ashley,Omar.Ashley@example.com,156-912-7263,Los Angeles,USA,0,1,0,"[322, 111, 175]",[96],[]
886,Zachary Lawson,Zachary,Lawson,Zachary.Lawson@example.com,655-475-1852,San Diego,USA,0,0,1,[],[],[]
887,Samson Berger,Samson,Berger,Samson.Berger@example.com,815-817-9902,San Francisco,USA,1,1,1,[],[],[]
888,Liana Baldwin,Liana,Baldwin,Liana.Baldwin@example.com,736-366-9050,San Diego,USA,1,0,0,"[99, 84, 524, 262]","[493, 383]",[]
889,Lucas Mcdowell,Lucas,Mcdowell,Lucas.Mcdowell@example.com,841-580-6320,Chicago,USA,1,0,1,[],[],[]
890,Ahmad Landry,Ahmad,Landry,Ahmad.Landry@example.com,207-841-9893,Los Angeles,USA,0,0,1,"[33, 452]","[505, 439]",[]
891,Cordelia Serrano,Cordelia,Serrano,Cordelia.Serrano@example.com,950-319-1013,London,United Kingdom,1,0,1,[],[],[]
892,Sydney Pratt,Sydney,Pratt,Sydney.Pratt@example.com,297-838-1084,Toronto,Canada,0,1,1,[355],[],[]
893,Benjamin Riddle,Benjamin,Riddle,Benjamin.Riddle@example.com,835-645-8652,Toronto,Canada,1,0,1,[],[233],[]
894,Kyran Foster,Kyran,Foster,Kyran.Foster@example.com,362-464-9875,Chicago,USA,0,1,1,[],[],[19]
895,Kamil Guzman,Kamil,Guzman,Kamil.Guzman@example.com,641-829-6099,San Francisco,USA,0,1,1,[347],[508],[]
896,Jordanne Juarez,Jordanne,Juarez,Jordanne.Juarez@example.com,376-601-8743,San Francisco,USA,0,1,0,[340],[],[]
897,Zoe Decker,Zoe,Decker,Zoe.Decker@example.com,197-454-9658,Los Angeles,USA,0,1,1,[],"[330, 371]",[]
898,Alana Koch,Alana,Koch,Alana.Koch@example.com,576-828-7913,Barcelona,Spain,0,1,1,[],[],[]
899,Frankie Jenkins,Frankie,Jenkins,Frankie.Jenkins@example.com,301-409-5419,San Francisco,USA,0,0,1,"[515, 475]",[10],[]
900,Zane Oconnor,Zane,Oconnor,Zane.Oconnor@example.com,108-772-5524,Chicago,USA,0,0,1,[],[198],[]
901,Lily-May Horne,Lily-May,Horne,Lily-May.Horne@example.com,564-761-8451,Los Angeles,USA,0,1,0,[299],[268],[]
902,Mitchell Murray,Mitchell,Murray,Mitchell.Murray@example.com,939-709-6815,San Francisco,USA,1,1,0,"[179, 142]","[168, 188, 349]",[]
903,Dominik Velez,Dominik,Velez,Dominik.Velez@example.com,149-740-6115,San Francisco,USA,1,1,0,[90],[395],[]
904,Martin Perry,Martin,Perry,Martin.Perry@example.com,586-420-6418,Paris,France,1,1,0,[],[],[]
905,Cory Case,Cory,Case,Cory.Case@example.com,406-161-3681,London,United Kingdom,1,0,0,[],[],[]
906,Astrid Miles,Astrid,Miles,Astrid.Miles@example.com,473-411-8478,Paris,France,0,1,1,[],[],[]
907,Samia Bradley,Samia,Bradley,Samia.Bradley@example.com,363-816-6259,San Diego,USA,0,1,1,"[171, 45]","[401, 283]",[]
908,Nataniel Glenn,Nataniel,Glenn,Nataniel.Glenn@example.com,504-112-5228,Los Angeles,USA,1,1,1,"[482, 103]",[485],[110]
909,Tyler Vasquez,Tyler,Vasquez,Tyler.Vasquez@example.com,899-668-7177,London,United Kingdom,0,1,0,[],[],[]
910,Everly Chaney,Everly,Chaney,Everly.Chaney@example.com,184-294-5435,San Francisco,USA,0,0,1,[],[],[]
911,Sapphire Lane,Sapphire,Lane,Sapphire.Lane@example.com,847-138-8647,Chicago,USA,1,1,0,[],[],[]
912,Junaid Fletcher,Junaid,Fletcher,Junaid.Fletcher@example.com,677-571-4277,Los Angeles,USA,0,1,1,[],[99],[]
913,Ricardo Odling,Ricardo,Odling,Ricardo.Odling@example.com,218-272-9415,New York,USA,1,1,0,"[384, 235, 381, 294]",[],[]
914,Nancy Sharp,Nancy,Sharp,Nancy.Sharp@example.com,723-866-1140,Los Angeles,USA,0,0,1,"[188, 92]",[481],[]
915,Barry Buck,Barry,Buck,Barry.Buck@example.com,667-391-6777,San Francisco,USA,1,1,1,"[40, 17]","[25, 26, 78]",[]
916,Mya Ho,Mya,Ho,Mya.Ho@example.com,448-770-8204,San Francisco,USA,0,1,1,"[29, 326]","[74, 116, 252]",[]
917,Carol Russo,Carol,Russo,Carol.Russo@example.com,192-156-9508,Toronto,Canada,1,0,1,[],[],[]
918,William Franco,William,Franco,William.Franco@example.com,196-468-3312,Toronto,Canada,1,1,0,[],[291],[]
919,Ayesha Underwood,Ayesha,Underwood,Ayesha.Underwood@example.com,687-284-9762,San Francisco,USA,1,1,1,[],"[441, 18]",[]
920,Kamil Bernard,Kamil,Bernard,Kamil.Bernard@example.com,400-528-1349,San Francisco,USA,0,0,1,"[184, 345, 464]",[],[]
921,Hollie Escobar,Hollie,Escobar,Hollie.Escobar@example.com,978-312-6279,London,United Kingdom,1,1,1,[],[],[]
922,Luisa Haley,Luisa,Haley,Luisa.Haley@example.com,916-879-3164,Barcelona,Spain,0,1,1,[],[443],[]
923,Russell Long,Russell,Long,Russell.Long@example.com,399-959-7203,Montreal,Canada,1,1,1,"[242, 507, 453, 511]",[],[]
924,Kendra Francis,Kendra,Francis,Kendra.Francis@example.com,680-603-3144,San Francisco,USA,1,0,0,"[320, 308]","[40, 392, 526, 519]",[]
925,Yasmine Scott,Yasmine,Scott,Yasmine.Scott@example.com,300-321-6761,San Diego,USA,0,0,1,"[315, 317]","[169, 517]",[]
926,Ann John,Ann,John,Ann.John@example.com,814-362-6094,San Francisco,USA,0,1,1,"[401, 226, 38]","[0, 182]",[]
927,Alejandro Kent,Alejandro,Kent,Alejandro.Kent@example.com,915-320-3214,Chicago,USA,1,1,0,"[153, 263]",[],[32]
928,Hanna Knight,Hanna,Knight,Hanna.Knight@example.com,249-198-1689,San Diego,USA,1,1,0,[],[],[]
929,Alannah Perkins,Alannah,Perkins,Alannah.Perkins@example.com,705-521-6039,Chicago,USA,1,1,0,[489],[],[]
930,Christina Mays,Christina,Mays,Christina.Mays@example.com,333-143-8841,San Francisco,USA,1,0,1,"[496, 425]","[179, 77]",[]
931,Tori Rowland,Tori,Rowland,Tori.Rowland@example.com,372-470-9101,San Diego,USA,1,1,0,"[12, 39]",[20],[]
932,Ayden Valentine,Ayden,Valentine,Ayden.Valentine@example.com,208-392-1702,San Francisco,USA,1,0,1,"[104, 273]",[216],[]
933,Kaine Blankenship,Kaine,Blankenship,Kaine.Blankenship@example.com,294-274-7917,San Diego,USA,1,1,0,[77],[344],[]
934,Alessandro French,Alessandro,French,Alessandro.French@example.com,216-516-1958,San Diego,USA,1,0,1,[140],[],[]
935,Chloe Mullen,Chloe,Mullen,Chloe.Mullen@example.com,723-357-7363,New York,USA,1,0,0,[],"[280, 429]",[71]
936,Ted Wiggins,Ted,Wiggins,Ted.Wiggins@example.com,153-176-3641,San Diego,USA,1,0,0,"[36, 125, 270]","[496, 86]",[]
937,Nina Mathews,Nina,Mathews,Nina.Mathews@example.com,863-385-2205,New York,USA,0,1,0,"[356, 141]",[],[]
938,Alisha Hoover,Alisha,Hoover,Alisha.Hoover@example.com,500-251-7080,San Diego,USA,1,0,0,[],"[346, 85, 21, 230]",[112]
939,Alyssa Bradshaw,Alyssa,Bradshaw,Alyssa.Bradshaw@example.com,606-353-8050,San Diego,USA,1,0,1,"[168, 185, 367]","[465, 226]",[]
940,Marilyn Hart,Marilyn,Hart,Marilyn.Hart@example.com,635-581-5074,Los Angeles,USA,1,1,1,"[392, 204]",[108],[]
941,Connor Neal,Connor,Neal,Connor.Neal@example.com,189-827-7386,Chicago,USA,1,0,1,[],[],[]
942,Cai Rowe,Cai,Rowe,Cai.Rowe@example.com,263-391-9368,New York,USA,1,0,1,[],[],[]
943,Delores Carroll,Delores,Carroll,Delores.Carroll@example.com,778-532-2184,Chicago,USA,0,1,0,[],[],[]
944,Hiba Hicks,Hiba,Hicks,Hiba.Hicks@example.com,640-390-3390,Chicago,USA,1,1,0,[279],[],[24]
945,Elisha Owens,Elisha,Owens,Elisha.Owens@example.com,195-699-1871,Los Angeles,USA,0,1,0,"[88, 41, 3, 462]",[88],[]
946,Lacie Mayer,Lacie,Mayer,Lacie.Mayer@example.com,412-562-8215,Toronto,Canada,1,1,0,[],[445],[]
947,Isra Burgess,Isra,Burgess,Isra.Burgess@example.com,142-470-3907,San Diego,USA,1,0,1,"[35, 230, 307, 499, 501, 377, 63]",[],[]
948,Kobe Knapp,Kobe,Knapp,Kobe.Knapp@example.com,911-288-9695,Los Angeles,USA,0,1,1,"[465, 439]",[],[]
949,Sufyaan Villanueva,Sufyaan,Villanueva,Sufyaan.Villanueva@example.com,882-282-1419,Toronto,Canada,1,0,0,[],[],[]
950,Meredith Reyes,Meredith,Reyes,Meredith.Reyes@example.com,680-737-7650,New York,USA,1,0,0,[],[132],[]
951,Chelsea Proctor,Chelsea,Proctor,Chelsea.Proctor@example.com,256-560-3458,Chicago,USA,0,0,1,[],[],[]
952,Humaira Quinn,Humaira,Quinn,Humaira.Quinn@example.com,623-887-1255,London,United Kingdom,0,0,1,[],[484],[]
953,Zaynab Davila,Zaynab,Davila,Zaynab.Davila@example.com,767-906-5124,Toronto,Canada,0,1,0,[],[],[]
954,Aston Villegas,Aston,Villegas,Aston.Villegas@example.com,553-640-6714,Los Angeles,USA,1,0,1,"[309, 31]",[428],[]
955,Stuart Clements,Stuart,Clements,Stuart.Clements@example.com,104-221-4124,New York,USA,1,1,1,[],[],[]
956,Zakariya Stuart,Zakariya,Stuart,Zakariya.Stuart@example.com,192-776-4957,Los Angeles,USA,0,0,1,[],"[36, 206]",[]
957,Effie Jordan,Effie,Jordan,Effie.Jordan@example.com,778-566-2709,San Francisco,USA,0,1,1,[344],"[51, 204]",[148]
958,Luna Fowler,Luna,Fowler,Luna.Fowler@example.com,137-365-6816,Los Angeles,USA,1,1,1,"[26, 502]","[3, 13]",[]
959,Haydn Contreras,Haydn,Contreras,Haydn.Contreras@example.com,694-921-2135,Chicago,USA,0,1,1,[],[],[]
960,Lewis Mcmahon,Lewis,Mcmahon,Lewis.Mcmahon@example.com,682-426-4872,San Francisco,USA,1,0,0,"[74, 339, 324]","[7, 41, 42, 142, 47, 181]",[]
961,Tobias Schultz,Tobias,Schultz,Tobias.Schultz@example.com,995-854-2821,Los Angeles,USA,0,1,1,"[229, 379, 457, 13]","[520, 91]",[]
962,Isobella Gilbert,Isobella,Gilbert,Isobella.Gilbert@example.com,717-961-9368,Barcelona,Spain,1,0,1,[],[],[]
963,Billy Norton,Billy,Norton,Billy.Norton@example.com,816-614-5153,Chicago,USA,1,0,0,"[450, 479, 159]",[351],[]
964,Colby Harding,Colby,Harding,Colby.Harding@example.com,584-554-7060,San Francisco,USA,1,1,1,[269],"[466, 134]",[]
965,Renee Arroyo,Renee,Arroyo,Renee.Arroyo@example.com,706-663-4493,Los Angeles,USA,0,1,1,"[248, 436, 68, 182]","[5, 340, 253, 246]",[]
966,Marjorie Munoz,Marjorie,Munoz,Marjorie.Munoz@example.com,385-637-4138,Los Angeles,USA,1,0,0,"[50, 375]","[163, 83, 477, 502]",[]
967,Emilio Stevenson,Emilio,Stevenson,Emilio.Stevenson@example.com,293-399-2353,Toronto,Canada,1,0,0,[432],[],[]
968,Roosevelt Huff,Roosevelt,Huff,Roosevelt.Huff@example.com,348-716-1274,New York,USA,1,0,1,"[368, 101]",[],[]
969,Layla Roth,Layla,Roth,Layla.Roth@example.com,812-207-8855,Montreal,Canada,1,1,0,[],[],[]
970,Qasim Bullock,Qasim,Bullock,Qasim.Bullock@example.com,392-468-4297,Chicago,USA,1,1,1,[],"[176, 303]",[56]
971,Kyran Duncan,Kyran,Duncan,Kyran.Duncan@example.com,433-632-3326,New York,USA,1,0,1,[95],[],[]
972,Rhiannon Vaughan,Rhiannon,Vaughan,Rhiannon.Vaughan@example.com,206-626-6238,Chicago,USA,1,1,0,"[218, 244]",[],[]
973,Jean Winters,Jean,Winters,Jean.Winters@example.com,526-938-2752,San Diego,USA,1,0,1,"[7, 359, 15, 406, 408, 346]","[219, 124, 287]",[]
974,Jared Hamilton,Jared,Hamilton,Jared.Hamilton@example.com,642-707-7765,New York,USA,1,0,0,[],[343],[]
975,Zachary Rubio,Zachary,Rubio,Zachary.Rubio@example.com,971-477-1542,Montreal,Canada,1,1,1,[],[],[]
976,Marnie Mayo,Marnie,Mayo,Marnie.Mayo@example.com,725-331-2757,San Diego,USA,1,0,0,"[81, 169]","[139, 452, 187, 499]",[]
977,Anita Skinner,Anita,Skinner,Anita.Skinner@example.com,885-134-1740,Barcelona,Spain,1,1,0,[],[],[]
978,Zain Haney,Zain,Haney,Zain.Haney@example.com,206-514-3761,New York,USA,0,0,1,[376],[],[]
979,Myrtle Bradford,Myrtle,Bradford,Myrtle.Bradford@example.com,960-593-3677,San Diego,USA,1,1,0,[44],"[66, 259, 43, 308, 23, 123, 93]",[]
980,Kacie Lester,Kacie,Lester,Kacie.Lester@example.com,673-651-6332,Toronto,Canada,1,0,0,[518],[366],[]
981,Gwen Norris,Gwen,Norris,Gwen.Norris@example.com,699-606-9952,San Diego,USA,1,1,0,"[186, 330]","[34, 154]",[]
982,Myles Sharpe,Myles,Sharpe,Myles.Sharpe@example.com,420-682-4722,Toronto,Canada,0,1,0,[],"[369, 402, 518]",[]
983,Nicola Davenport,Nicola,Davenport,Nicola.Davenport@example.com,335-679-5225,Toronto,Canada,0,1,1,[],[],[]
984,Adrian Joseph,Adrian,Joseph,Adrian.Joseph@example.com,808-456-6071,Chicago,USA,1,1,1,[220],"[177, 225, 150]",[]
985,Lloyd Robbins,Lloyd,Robbins,Lloyd.Robbins@example.com,603-494-3648,London,United Kingdom,0,1,1,[],[],[]
986,Rosanna Dyer,Rosanna,Dyer,Rosanna.Dyer@example.com,512-600-6692,Los Angeles,USA,0,1,0,"[470, 311]","[131, 393, 44, 236, 243, 183, 284]",[18]
987,Caitlyn Lawson,Caitlyn,Lawson,Caitlyn.Lawson@example.com,470-723-2187,Paris,France,0,1,1,[],[],[]
988,Cain Robertson,Cain,Robertson,Cain.Robertson@example.com,375-525-5823,New York,USA,0,1,1,[],[],[]
989,Leyla Finley,Leyla,Finley,Leyla.Finley@example.com,743-377-7767,New York,USA,0,1,1,"[280, 275]",[],[]
990,Juliette Luna,Juliette,Luna,Juliette.Luna@example.com,782-806-6417,New York,USA,0,1,0,[173],[],"[30, 82, 122]"
991,Marion Webster,Marion,Webster,Marion.Webster@example.com,169-218-9165,Toronto,Canada,0,1,1,[],[213],[]
992,Sebastian Pierce,Sebastian,Pierce,Sebastian.Pierce@example.com,947-717-1440,Chicago,USA,1,1,1,[],[143],[]
993,Jayson Sutton,Jayson,Sutton,Jayson.Sutton@example.com,289-775-9088,Montreal,Canada,0,1,1,[316],[],[]
994,Inaaya Bruce,Inaaya,Bruce,Inaaya.Bruce@example.com,780-773-8755,London,United Kingdom,1,0,1,[],[],[]
995,Raja Reeves,Raja,Reeves,Raja.Reeves@example.com,990-569-7356,Montreal,Canada,1,1,0,[358],[],[]
996,Maria Stephens,Maria,Stephens,Maria.Stephens@example.com,798-578-4631,Toronto,Canada,1,1,0,[],[288],[]
997,Sam Arias,Sam,Arias,Sam.Arias@example.com,415-467-1137,Chicago,USA,0,1,0,[177],[],[]
998,Fatimah Johns,Fatimah,Johns,Fatimah.Johns@example.com,520-433-7411,London,United Kingdom,0,1,0,[467],[],[]
999,Ada Reid,Ada,Reid,Ada.Reid@example.com,958-944-9616,Chicago,USA,1,1,1,[],[],[]
1000,Simeon Mccall,Simeon,Mccall,Simeon.Mccall@example.com,135-125-7738,San Francisco,USA,1,0,1,"[54, 259, 37, 134]",[196],[]
